type,amc,code,name,cat,holding,pct,as_of,r1y,r3y,mgmt_act
RMF,BBLAM,BSIRIRMF,กองทุนเปิดบัวหลวงสิริผลบรรษัทภิบาลเพื่อการเลี้ยงชีพ,หุ้นไทยขนาดใหญ่,หุ้นสามัญ ธนาคารกรุงเทพ จำกัด (มหาชน),9.75,2026-08-31,38.15363,10.67443,1.61
RMF,TALISAM,TLFLEXRMF,กองทุนเปิดทาลิส เฟล็กซิเบิ้ล เพื่อการเลี้ยงชีพ,กองทุนรวมแบบผสมเชิงรุก (Aggressive),ธนาคารกรุงเทพ จำกัด (มหาชน),8.74,2026-08-31,26.86469,-7.84931,2.14
RMF,KASSET,K-VALUERMF,กองทุนเปิดเค หุ้นปันผลเพื่อการเลี้ยงชีพ,หุ้นไทยขนาดใหญ่,หุ้น บมจ.ธนาคารกรุงเทพ,8.69,2026-08-31,32.76926,3.51281,1.87
RMF,TALISAM,TLDIVRMF,กองทุนเปิดทาลิส DIVIDEND STOCK เพื่อการเลี้ยงชีพ,หุ้นไทยทั่วไป,ธนาคารกรุงเทพ จำกัด (มหาชน),8.38,2026-08-31,35.06652,5.88842,2.14
RMF,TISCOAM,THDRMF-A,กองทุนเปิด ทิสโก้ ไฮ ดิวิเดนด์ หุ้นทุน เพื่อการเลี้ยงชีพ ชนิดผู้ลงทุนทั่วไป,หุ้นไทยขนาดใหญ่,หุ้นสามัญของธนาคารกรุงเทพ จำกัด (มหาชน),8.03,2026-08-31,33.11088,16.27168,1.61
RMF,TISCOAM,THDRMF-P,กองทุนเปิด ทิสโก้ ไฮ ดิวิเดนด์ หุ้นทุน เพื่อการเลี้ยงชีพ ชนิดรองรับกองทุนสํารองเลี้ยงชีพ,หุ้นไทยขนาดใหญ่,หุ้นสามัญของธนาคารกรุงเทพ จำกัด (มหาชน),8.03,2026-08-31,33.11301,,1.61
RMF,TALISAM,TLEQRMF,กองทุนเปิดทาลิส หุ้นทุน เพื่อการเลี้ยงชีพ,หุ้นไทยทั่วไป,ธนาคารกรุงเทพ จำกัด (มหาชน),6.95,2026-08-31,26.70176,-6.79706,2.14
RMF,KSAM,KF1MAXRMF,กองทุนเปิดกรุงศรี The One Max เพื่อการเลี้ยงชีพ,กองทุนรวมแบบผสมเชิงรุก (Aggressive),Bangkok Bank Plc.,5.25,2024-08-01,5.35975,,0.0
RMF,KSAM,KF1MEANRMF,กองทุนเปิดกรุงศรี The One Mean เพื่อการเลี้ยงชีพ,กองทุนรวมแบบผสมสมดุล (Moderate),Bangkok Bank Plc.,4.81,2024-08-01,3.56216,,0.0
RMF,KSAM,KF1MILDRMF,กองทุนเปิดกรุงศรี The One Mild เพื่อการเลี้ยงชีพ,กองทุนรวมแบบผสมเสี่ยงต่ำ (Conservative),Bangkok Bank Plc.,4.02,2024-08-01,1.96686,,0.0
RMF,KASSET,K-GDRMF,กองทุนเปิดเค โกลด์เพื่อการเลี้ยงชีพ,สินค้าโภคภัณฑ์ประเภทโลหะมีค่า,เงินฝาก บมจ.ธนาคารกรุงเทพ,2.6,2026-08-31,1.97656,24.61846,0.86
RMF,KASSET,K-USXNDQRMF,กองทุนเปิดเค หุ้นยูเอส ดัชนีเอ็นดีคิว 100 เพื่อการเลี้ยงชีพ,หุ้นสหรัฐฯ,เงินฝาก บมจ.ธนาคารกรุงเทพ,2.44,2026-08-31,20.01947,,0.54
RMF,KASSET,K-US500XRMF,กองทุนเปิดเค หุ้นยูเอส พาสซีฟ เพื่อการเลี้ยงชีพ,หุ้นสหรัฐฯ,เงินฝาก บมจ.ธนาคารกรุงเทพ,2.44,2026-08-31,12.07752,,0.54
RMF,KASSET,K-GSELECTRMF,กองทุนเปิดเค โกลบอล ซีเล็คท์ หุ้นทุนเพื่อการเลี้ยงชีพ,หุ้นทั่วโลก,เงินฝาก บมจ.ธนาคารกรุงเทพ,2.44,2026-08-31,3.43617,,1.34
RMF,KASSET,K-GIFRMF,กองทุนเปิดเค โกลบอล อินฟราสตรัคเจอร์ หุ้นทุนเพื่อการเลี้ยงชีพ,หุ้นทั่วโลก - โครงสร้างพื้นฐาน,เงินฝาก บมจ.ธนาคารกรุงเทพ,2.39,2026-08-31,5.68074,10.92457,1.6
RMF,KSAM,KF-SINCOMERMF,กองทุนเปิดกรุงศรีโกลบอลสมาร์ทอินคัมเพื่อการเลี้ยงชีพ,ตราสารหนี้ทั่วโลก แบบป้องกันความเสี่ยงอัตราแลกเปลี่ยนเต็มจำนวน,Bangkok Bank Plc.,2.13,2024-08-01,-4.72932,1.81769,0.86
RMF,KASSET,K-USARMF,กองทุนเปิดเค ยูเอสเอ หุ้นทุนเพื่อการเลี้ยงชีพ,หุ้นสหรัฐฯ,เงินฝาก บมจ.ธนาคารกรุงเทพ,1.9,2026-08-31,-5.17305,7.7849,1.6
RMF,KASSET,K-GHRMF,กองทุนเปิดเค โกลบอล เฮลท์แคร์ หุ้นทุนเพื่อการเลี้ยงชีพ,หุ้นกลุ่มอุตสาหกรรมการดูแลสุขภาพ,เงินฝาก บมจ.ธนาคารกรุงเทพ,1.75,2026-08-31,12.90716,3.10623,1.6
RMF,KKPAM,KKP PGE RMF-H,กองทุนเปิดเคเคพี พาสซีฟ โกลบอล อิควิตี้ เพื่อการเลี้ยงชีพ เฮดจ์,หุ้นทั่วโลก - ป้องกันความเสี่ยงอัตราแลกเปลี่ยนเต็มที่,BBL,0.82,2024-08-01,11.18202,16.51438,0.54
RMF,KKPAM,KKP TECH RMF-H,กองทุนเปิดเคเคพี EXPANDED TECH เพื่อการเลี้ยงชีพ - HEDGED,หุ้นกลุ่มเทคโนโลยี,BBL,0.39,2024-08-01,29.25555,33.63755,0.32
RMF,KKPAM,KKP PGE RMF-H,กองทุนเปิดเคเคพี พาสซีฟ โกลบอล อิควิตี้ เพื่อการเลี้ยงชีพ เฮดจ์,หุ้นทั่วโลก - ป้องกันความเสี่ยงอัตราแลกเปลี่ยนเต็มที่,BBL,0.34,2024-08-01,11.18202,16.51438,0.54
RMF,KKPAM,KKP TECH RMF-H,กองทุนเปิดเคเคพี EXPANDED TECH เพื่อการเลี้ยงชีพ - HEDGED,หุ้นกลุ่มเทคโนโลยี,BBL,0.33,2024-08-01,29.25555,33.63755,0.32
ThaiESGX,KASSET,K-HDThaiESGX-L,กองทุนเปิดเค หุ้นปันผล ไทยเพื่อความยั่งยืนแบบพิเศษ ชนิดเงินลงทุนเดิม,หุ้นไทยทั่วไป,หุ้น บมจ.ธนาคารกรุงเทพ,10.74,2026-09-01,35.26708,,1.87
ThaiESGX,KASSET,K-HDThaiESGX-68,กองทุนเปิดเค หุ้นปันผล ไทยเพื่อความยั่งยืนแบบพิเศษ ชนิดเงินลงทุนปี 68,หุ้นไทยทั่วไป,หุ้น บมจ.ธนาคารกรุงเทพ,10.74,2026-09-01,35.25335,,1.87
ThaiESGX,MFC,HIDIV-ESGXLTF,กองทุนเปิดเอ็มเอฟซี ไฮ-ดิวิเดนด์ ไทยเพื่อความยั่งยืนแบบพิเศษ ชนิดเงินลงทุนเดิม,หุ้นไทยทั่วไป,บมจ.ธนาคารกรุงเทพ,10.53,2026-08-31,37.8694,,1.6
ThaiESGX,MFC,HIDIV-ESGX68,กองทุนเปิดเอ็มเอฟซี ไฮ-ดิวิเดนด์ ไทยเพื่อความยั่งยืนแบบพิเศษ ชนิดเงินลงทุนใหม่เฉพาะปี 2568,หุ้นไทยทั่วไป,บมจ.ธนาคารกรุงเทพ,10.53,2026-08-31,37.85154,,1.6
ThaiESGX,MFC,HIDIV-ESGX,กองทุนเปิดเอ็มเอฟซี ไฮ-ดิวิเดนด์ ไทยเพื่อความยั่งยืนแบบพิเศษ ชนิดเงินลงทุนใหม่หลังปี 2568,หุ้นไทยทั่วไป,บมจ.ธนาคารกรุงเทพ,10.53,2026-08-31,,,1.6
ThaiESGX,EASTSPRING,ES-DIVTHAIESGX-LD,กองทุนเปิดอีสท์สปริง หุ้นปันผล ไทยเพื่อความยั่งยืนแบบพิเศษ ชนิดเงินลงทุนเดิมแบบจ่ายเงินปันผล,หุ้นไทยขนาดใหญ่,ธนาคารกรุงเทพ จำกัด (มหาชน),9.93,2026-08-31,34.45159,,1.6
ThaiESGX,EASTSPRING,ES-DIVTHAIESGX-68A,กองทุนเปิดอีสท์สปริง หุ้นปันผล ไทยเพื่อความยั่งยืนแบบพิเศษ ชนิดเงินลงทุนใหม่ปี 2568 แบบสะสมมูลค่า,หุ้นไทยขนาดใหญ่,ธนาคารกรุงเทพ จำกัด (มหาชน),9.93,2026-08-31,34.45079,,1.6
ThaiESGX,EASTSPRING,ES-DIVTHAIESGX-68D,กองทุนเปิดอีสท์สปริง หุ้นปันผล ไทยเพื่อความยั่งยืนแบบพิเศษชนิดเงินลงทุนใหม่ปี 2568 แบบจ่ายเงินปันผล,หุ้นไทยขนาดใหญ่,ธนาคารกรุงเทพ จำกัด (มหาชน),9.93,2026-08-31,34.44971,,1.6
ThaiESGX,EASTSPRING,ES-DIVTHAIESGX-LA,กองทุนเปิดอีสท์สปริง หุ้นปันผล ไทยเพื่อความยั่งยืนแบบพิเศษ ชนิดเงินลงทุนเดิมแบบสะสมมูลค่า,หุ้นไทยขนาดใหญ่,ธนาคารกรุงเทพ จำกัด (มหาชน),9.93,2026-08-31,34.44874,,1.6
ThaiESGX,EASTSPRING,ES-DIVTHAIESGX-A,กองทุนเปิดอีสท์สปริง หุ้นปันผล ไทยเพื่อความยั่งยืนแบบพิเศษ ชนิดสะสมมูลค่า,หุ้นไทยขนาดใหญ่,ธนาคารกรุงเทพ จำกัด (มหาชน),9.93,2026-08-31,,,1.6
ThaiESGX,EASTSPRING,ES-DIVTHAIESGX-D,กองทุนเปิดอีสท์สปริง หุ้นปันผล ไทยเพื่อความยั่งยืนแบบพิเศษ ชนิดจ่ายเงินปันผล,หุ้นไทยขนาดใหญ่,ธนาคารกรุงเทพ จำกัด (มหาชน),9.93,2026-08-31,,,1.6
ThaiESGX,KTAM,KTEQDIVX-L,กองทุนเปิดกรุงไทย หุ้นปันผล ไทยเพื่อความยั่งยืนแบบพิเศษ ชนิดเงินลงทุนเดิมแบบปันผล,หุ้นไทยทั่วไป,หุ้นสามัญ ธนาคารกรุงเทพ ,9.29,2026-08-31,36.70734,,1.07
ThaiESGX,KTAM,KTEQDIVX-D,กองทุนเปิดกรุงไทย หุ้นปันผล ไทยเพื่อความยั่งยืนแบบพิเศษ ชนิดเงินลงทุนใหม่แบบปันผล,หุ้นไทยทั่วไป,หุ้นสามัญ ธนาคารกรุงเทพ ,9.29,2026-08-31,36.70637,,1.07
ThaiESGX,KASSET,K-70ThaiESGX-L,กองทุนเปิดเค 70:30 ไทยเพื่อความยั่งยืนแบบพิเศษ ชนิดเงินลงทุนเดิม,กองทุนรวมแบบผสมเชิงรุก (Aggressive),หุ้น บมจ.ธนาคารกรุงเทพ,7.51,2026-09-01,23.35475,,1.6
ThaiESGX,KASSET,K-70ThaiESGX-68,กองทุนเปิดเค 70:30 ไทยเพื่อความยั่งยืนแบบพิเศษ ชนิดเงินลงทุนปี 68,กองทุนรวมแบบผสมเชิงรุก (Aggressive),หุ้น บมจ.ธนาคารกรุงเทพ,7.51,2026-09-01,23.34903,,1.6
ThaiESGX,EASTSPRING,ES-DIV70THAIESGX-68A,กองทุนเปิดอีสท์สปริง หุ้นปันผล 70 ไทยเพื่อความยั่งยืนแบบพิเศษชนิดเงินลงทุนใหม่ปี 2568 แบบสะสมมูลค่า,หุ้นไทยขนาดใหญ่,ธนาคารกรุงเทพ จำกัด (มหาชน),6.93,2026-08-31,19.89205,,1.33
ThaiESGX,EASTSPRING,ES-DIV70THAIESGX-68D,กองทุนเปิดอีสท์สปริงหุ้นปันผล70ไทยเพื่อความยั่งยืนแบบพิเศษ ชนิดเงินลงทุนใหม่ปี 2568 แบบจ่ายเงินปันผล,หุ้นไทยขนาดใหญ่,ธนาคารกรุงเทพ จำกัด (มหาชน),6.93,2026-08-31,19.89093,,1.33
ThaiESGX,EASTSPRING,ES-DIV70THAIESGX-LD,กองทุนเปิดอีสท์สปริง หุ้นปันผล 70 ไทยเพื่อความยั่งยืนแบบพิเศษ ชนิดเงินลงทุนเดิมแบบจ่ายเงินปันผล,หุ้นไทยขนาดใหญ่,ธนาคารกรุงเทพ จำกัด (มหาชน),6.93,2026-08-31,19.8906,,1.33
ThaiESGX,EASTSPRING,ES-DIV70THAIESGX-LA,กองทุนเปิดอีสท์สปริง หุ้นปันผล 70 ไทยเพื่อความยั่งยืนแบบพิเศษ ชนิดเงินลงทุนเดิมแบบสะสมมูลค่า,หุ้นไทยขนาดใหญ่,ธนาคารกรุงเทพ จำกัด (มหาชน),6.93,2026-08-31,19.88885,,1.33
ThaiESGX,EASTSPRING,ES-DIV70THAIESGX-A,กองทุนเปิดอีสท์สปริง หุ้นปันผล 70 ไทยเพื่อความยั่งยืนแบบพิเศษ ชนิดสะสมมูลค่า,หุ้นไทยขนาดใหญ่,ธนาคารกรุงเทพ จำกัด (มหาชน),6.93,2026-08-31,,,1.33
ThaiESGX,EASTSPRING,ES-DIV70THAIESGX-D,กองทุนเปิดอีสท์สปริง หุ้นปันผล 70 ไทยเพื่อความยั่งยืนแบบพิเศษ ชนิดจ่ายเงินปันผล,หุ้นไทยขนาดใหญ่,ธนาคารกรุงเทพ จำกัด (มหาชน),6.93,2026-08-31,,,1.33
ThaiESGX,SCBAM,SCBTS100X(LTFD),กองทุนเปิดไทยพาณิชย์ ดัชนี SET100FF ไทยเพื่อความยั่งยืนแบบพิเศษชนิดจ่ายเงินปันผล 2025,หุ้นไทยทั่วไป,หุ้น บมจ.ธนาคารกรุงเทพ,5.04,2026-08-31,31.24521,,0.5
ThaiESGX,SCBAM,SCBTS100X(25D),กองทุนเปิดไทยพาณิชย์ ดัชนี SET100FF ไทยเพื่อความยั่งยืนแบบพิเศษ ชนิดจ่ายเงินปันผล 2025,หุ้นไทยทั่วไป,หุ้น บมจ.ธนาคารกรุงเทพ,5.04,2026-08-31,31.2313,,0.5
ThaiESGX,SCBAM,SCBTS100X(LTFA),กองทุนเปิดไทยพาณิชย์ ดัชนี SET100FF ไทยเพื่อความยั่งยืนแบบพิเศษ ชนิดเงินลงทุนเดิมแบบสะสมมูลค่า,หุ้นไทยทั่วไป,หุ้น บมจ.ธนาคารกรุงเทพ,5.04,2026-08-31,31.22741,,0.5
ThaiESGX,SCBAM,SCBTS100X(25A),กองทุนเปิดไทยพาณิชย์ ดัชนี SET100FF ไทยเพื่อความยั่งยืนแบบพิเศษ ชนิดสะสมมูลค่า 2025,หุ้นไทยทั่วไป,หุ้น บมจ.ธนาคารกรุงเทพ,5.04,2026-08-31,31.22416,,0.5
ThaiESGX,SCBAM,SCBTS100X(26D),กองทุนเปิดไทยพาณิชย์ ดัชนี SET100FF ไทยเพื่อความยั่งยืนแบบพิเศษ ชนิดจ่ายเงินปันผล 2026,หุ้นไทยทั่วไป,หุ้น บมจ.ธนาคารกรุงเทพ,5.04,2026-08-31,,,0.5
ThaiESGX,SCBAM,SCBTS100X(26A),กองทุนเปิดไทยพาณิชย์ ดัชนี SET100FF ไทยเพื่อความยั่งยืนแบบพิเศษ ชนิดสะสมมูลค่า 2026,หุ้นไทยทั่วไป,หุ้น บมจ.ธนาคารกรุงเทพ,5.04,2026-08-31,,,0.5
