code,nav_date,nav
ABALL-TESGX1,2026-10-01,11.9789
ABALL-TESGX1,2026-10-02,12.0195
ABALL-TESGX1,2026-10-08,12.075
ABALL-TESGX2,2026-10-01,11.9798
ABALL-TESGX2,2026-10-02,12.0204
ABALL-TESGX2,2026-10-08,12.0759
ABAPAC-RMF,2026-09-30,19.0116
ABAPAC-RMF,2026-10-01,19.1777
ABAPAC-RMF,2026-10-07,19.1674
ABGDD-RMF,2026-09-30,13.2686
ABGDD-RMF,2026-10-01,13.211
ABGDD-RMF,2026-10-07,13.3496
ABSC-RMF,2026-10-01,75.1928
ABSC-RMF,2026-10-02,75.6025
ABSC-RMF,2026-10-08,75.5891
ABSI-RMF,2026-10-01,13.2651
ABSI-RMF,2026-10-02,13.2653
ABSI-RMF,2026-10-08,13.2679
ABSM-RMF,2026-10-01,8.8499
ABSM-RMF,2026-10-02,8.9227
ABSM-RMF,2026-10-08,9.0979
AFMOATHRMF,2026-09-30,12.2415
AFMOATHRMF,2026-10-01,12.2698
AFMOATHRMF,2026-10-08,12.5383
ASP-AIEQRMF,2026-09-30,19.287
ASP-AIEQRMF,2026-10-01,19.7776
ASP-AIEQRMF,2026-10-08,18.9903
ASP-DEQ ThaiESGX-LTF,2026-10-01,13.0693
ASP-DEQ ThaiESGX-LTF,2026-10-02,13.1575
ASP-DEQ ThaiESGX-LTF,2026-10-09,13.0556
ASP-DEQ ThaiESGX-T,2026-10-01,13.0598
ASP-DEQ ThaiESGX-T,2026-10-02,13.1479
ASP-DEQ ThaiESGX-T,2026-10-09,13.0461
ASP-DEQ ThaiESGX-X68,2026-10-01,13.0661
ASP-DEQ ThaiESGX-X68,2026-10-02,13.1542
ASP-DEQ ThaiESGX-X68,2026-10-09,13.0524
ASP-DIGIBLOCRMF,2026-09-30,12.332
ASP-DIGIBLOCRMF,2026-10-01,12.3772
ASP-DIGIBLOCRMF,2026-10-08,11.4476
ASP-DISRUPTRMF,2026-09-30,12.4066
ASP-DISRUPTRMF,2026-10-01,12.5548
ASP-DISRUPTRMF,2026-10-08,12.205
ASP-ERF,2026-10-01,37.7185
ASP-ERF,2026-10-02,37.8572
ASP-ERF,2026-10-09,38.3012
ASP-EVOCHINARMF,2026-09-30,4.8173
ASP-EVOCHINARMF,2026-10-01,4.8248
ASP-EVOCHINARMF,2026-10-08,4.6769
ASP-FRF,2026-10-01,16.749
ASP-FRF,2026-10-02,16.751
ASP-FRF,2026-10-09,16.7664
ASP-INDIARMF,2026-09-30,7.3845
ASP-INDIARMF,2026-10-01,7.2972
ASP-INDIARMF,2026-10-08,7.1821
ASP-MIX ThaiESGX-LTF,2026-10-01,12.8552
ASP-MIX ThaiESGX-LTF,2026-10-02,12.9369
ASP-MIX ThaiESGX-LTF,2026-10-09,13.0981
ASP-MIX ThaiESGX-T,2026-10-01,12.8465
ASP-MIX ThaiESGX-T,2026-10-02,12.928
ASP-MIX ThaiESGX-T,2026-10-09,13.0891
ASP-MIX ThaiESGX-X68,2026-10-01,12.8535
ASP-MIX ThaiESGX-X68,2026-10-02,12.9351
ASP-MIX ThaiESGX-X68,2026-10-09,13.0963
ASP-MRF,2026-10-01,31.209
ASP-MRF,2026-10-02,31.234
ASP-MRF,2026-10-09,31.5279
ASP-NCLRRMF,2026-09-30,2.8461
ASP-NCLRRMF,2026-10-01,2.8467
ASP-NCLRRMF,2026-10-08,2.8276
ASP-SMERMF,2026-10-01,8.5886
ASP-SMERMF,2026-10-02,8.6593
ASP-SMERMF,2026-10-09,8.8248
ASP-TOPBRANDRMF,2026-09-30,10.4852
ASP-TOPBRANDRMF,2026-10-01,10.4774
ASP-TOPBRANDRMF,2026-10-08,10.3192
ASP-ThaiESG,2026-10-01,12.1348
ASP-ThaiESG,2026-10-02,12.2359
ASP-ThaiESG,2026-10-09,12.4121
ASP-VIETRMF,2026-10-01,12.0956
ASP-VIETRMF,2026-10-02,11.9692
ASP-VIETRMF,2026-10-09,12.1457
B-ASEANRMF,2026-10-01,12.1979
B-ASEANRMF,2026-10-02,12.1759
B-ASEANRMF,2026-10-09,11.8942
B-ASIARMF,2026-09-30,17.0607
B-ASIARMF,2026-10-01,17.1373
B-ASIARMF,2026-10-08,16.8341
B-ASIATECHRMF,2026-09-29,17.437
B-ASIATECHRMF,2026-09-30,17.3108
B-ASIATECHRMF,2026-10-07,17.8047
B-CHINAARMF,2026-09-30,8.8089
B-CHINAARMF,2026-10-01,8.8239
B-CHINAARMF,2026-10-08,8.6745
B-DYNAMICRMF,2026-09-29,10.294
B-DYNAMICRMF,2026-09-30,10.2898
B-DYNAMICRMF,2026-10-07,10.2972
B-EQ-THAIESG,2026-10-01,11.2041
B-EQ-THAIESG,2026-10-02,11.2485
B-EQ-THAIESG,2026-10-09,11.3299
B-FUTURERMF,2026-09-29,9.8045
B-FUTURERMF,2026-09-30,9.8802
B-FUTURERMF,2026-10-07,10.1557
B-GLOB-INFRARMF,2026-09-29,11.9616
B-GLOB-INFRARMF,2026-09-30,11.9009
B-GLOB-INFRARMF,2026-10-07,12.0058
B-GLOBALRMF,2026-09-29,21.2946
B-GLOBALRMF,2026-09-30,21.2638
B-GLOBALRMF,2026-10-07,21.5275
B-GTORMF,2026-09-29,11.7591
B-GTORMF,2026-09-30,11.7405
B-GTORMF,2026-10-07,12.0631
B-INDIAMRMF,2026-09-30,14.696
B-INDIAMRMF,2026-10-01,14.5103
B-INDIAMRMF,2026-10-08,14.1454
B-INNOTECHRMF,2026-09-29,35.2858
B-INNOTECHRMF,2026-09-30,35.5367
B-INNOTECHRMF,2026-10-07,36.1294
B-IR-FOFRMF,2026-10-01,10.4806
B-IR-FOFRMF,2026-10-02,10.4644
B-IR-FOFRMF,2026-10-09,10.3359
B-MIXED-THAIESG,2026-10-01,10.7619
B-MIXED-THAIESG,2026-10-02,10.7838
B-MIXED-THAIESG,2026-10-09,10.8323
B-OPPRMF,2026-09-29,9.9487
B-OPPRMF,2026-09-30,9.9995
B-OPPRMF,2026-10-07,10.1543
B-PREMIUMRMF,2026-09-29,10.1622
B-PREMIUMRMF,2026-09-30,10.1713
B-PREMIUMRMF,2026-10-07,10.1321
B-SI-THAIESG,2026-10-01,10.5598
B-SI-THAIESG,2026-10-02,10.5589
B-SI-THAIESG,2026-10-09,10.5949
B-SIPRMF,2026-09-29,11.1006
B-SIPRMF,2026-09-30,11.1143
B-SIPRMF,2026-10-07,11.4042
B-SM-RMF,2026-10-01,9.5739
B-SM-RMF,2026-10-02,9.6408
B-SM-RMF,2026-10-09,9.6909
B-TOP-THAIESG,2026-10-01,11.6685
B-TOP-THAIESG,2026-10-02,11.7589
B-TOP-THAIESG,2026-10-09,11.6758
B-TOPTENRMF,2026-10-01,6.7873
B-TOPTENRMF,2026-10-02,6.8231
B-TOPTENRMF,2026-10-09,6.8161
B-USALPHARMF,2026-09-29,12.7429
B-USALPHARMF,2026-09-30,12.8091
B-USALPHARMF,2026-10-07,12.9017
B-USPASSIVERMF,2026-09-30,11.5424
B-USPASSIVERMF,2026-10-01,11.6025
B-USPASSIVERMF,2026-10-08,11.745
B-VIETNAMRMF,2026-10-01,10.5298
B-VIETNAMRMF,2026-10-02,10.4158
B-VIETNAMRMF,2026-10-09,10.4739
B-WEALTHBRMF,2026-10-07,9.9983
B-WEALTHCRMF,2026-10-07,9.9998
B-WEALTHDRMF,2026-10-07,9.9942
B-WEALTHGRMF,2026-10-07,9.9927
B-WEALTHMRMF,2026-10-07,9.9958
B25RMF,2026-10-01,15.9352
B25RMF,2026-10-02,15.9427
B25RMF,2026-10-09,15.9802
BBASICRMF,2026-10-01,8.3422
BBASICRMF,2026-10-02,8.3726
BBASICRMF,2026-10-09,8.4302
BCAP-2030 RMF,2026-09-29,11.2582
BCAP-2030 RMF,2026-09-30,11.2576
BCAP-2030 RMF,2026-10-07,11.2749
BCAP-2040 RMF,2026-09-29,12.5037
BCAP-2040 RMF,2026-09-30,12.4944
BCAP-2040 RMF,2026-10-07,12.5262
BCAP-2050 RMF,2026-09-29,13.7698
BCAP-2050 RMF,2026-09-30,13.7515
BCAP-2050 RMF,2026-10-07,13.7968
BCAP-SET RMF,2026-10-01,11.3433
BCAP-SET RMF,2026-10-02,11.396
BCAP-SET RMF,2026-10-09,11.4584
BCAPSETTHAIESGX,2026-10-01,13.4553
BCAPSETTHAIESGX,2026-10-02,13.5538
BCAPSETTHAIESGX,2026-10-09,13.5929
BCARERMF,2026-09-29,16.3138
BCARERMF,2026-09-30,16.1841
BCARERMF,2026-10-07,16.0865
BEQD-TESGX,2026-10-01,12.491
BEQD-TESGX,2026-10-02,12.5563
BEQD-TESGX,2026-10-09,12.6089
BERMF,2026-10-01,79.9799
BERMF,2026-10-02,80.3736
BERMF,2026-10-09,80.8478
BFLRMF,2026-10-01,53.5737
BFLRMF,2026-10-02,53.8182
BFLRMF,2026-10-09,54.0609
BFRMF,2026-10-01,16.4993
BFRMF,2026-10-02,16.4993
BFRMF,2026-10-09,16.5139
BGOLDRMF,2026-10-01,28.4565
BGOLDRMF,2026-10-02,28.53
BGOLDRMF,2026-10-09,28.504
BM70-TESGX,2026-10-01,12.0437
BM70-TESGX,2026-10-02,12.0923
BM70-TESGX,2026-10-09,12.136
BMAPS100RMF,2026-09-29,13.2376
BMAPS100RMF,2026-09-30,13.2011
BMAPS100RMF,2026-10-07,13.3234
BMAPS25RMF,2026-09-29,10.97
BMAPS25RMF,2026-09-30,10.9615
BMAPS25RMF,2026-10-07,10.9926
BMAPS55RMF,2026-09-29,11.7441
BMAPS55RMF,2026-09-30,11.73
BMAPS55RMF,2026-10-07,11.7805
BMDIV-TESGX,2026-10-01,11.6861
BMDIV-TESGX,2026-10-02,11.7335
BMDIV-TESGX,2026-10-09,11.7775
BSIRIRMF,2026-10-01,14.362
BSIRIRMF,2026-10-02,14.489
BSIRIRMF,2026-10-09,14.323
CG-RMF,2026-10-01,11.5195
CG-RMF,2026-10-02,11.5662
CG-RMF,2026-10-09,11.5987
CPRMF1,2026-10-01,17.7807
CPRMF1,2026-10-02,17.7874
CPRMF1,2026-10-09,17.8004
CPRMF2,2026-10-01,16.4952
CPRMF2,2026-10-02,16.4937
CPRMF2,2026-10-09,16.5339
CPRMF3,2026-10-01,16.9519
CPRMF3,2026-10-02,16.9551
CPRMF3,2026-10-09,16.9788
CPRMF4,2026-10-01,15.7497
CPRMF4,2026-10-02,15.743
CPRMF4,2026-10-09,15.7616
CPRMF5,2026-10-01,16.2284
CPRMF5,2026-10-02,16.2316
CPRMF5,2026-10-09,16.2386
DAOL-GLOBALEQRMF,2026-09-30,12.2283
DAOL-GLOBALEQRMF,2026-10-01,12.2037
DAOL-GLOBALEQRMF,2026-10-08,12.3562
DAOL-GOLDRMF,2026-09-30,17.4436
DAOL-GOLDRMF,2026-10-01,17.1864
DAOL-GOLDRMF,2026-10-08,16.5426
DAOL-GTECHRMF,2026-09-29,9.9025
DAOL-GTECHRMF,2026-09-30,9.9389
DAOL-GTECHRMF,2026-10-07,10.1831
DAOL-MONYRMF,2026-10-01,10.7032
DAOL-MONYRMF,2026-10-02,10.7034
DAOL-MONYRMF,2026-10-09,10.7053
ERMF,2026-10-01,95.4201
ERMF,2026-10-02,96.0071
ERMF,2026-10-09,96.3264
ES-ABRMF,2026-10-01,11.8772
ES-ABRMF,2026-10-02,11.8819
ES-ABRMF,2026-10-09,11.8876
ES-ASIARMF,2026-09-30,17.8434
ES-ASIARMF,2026-10-01,17.8302
ES-ASIARMF,2026-10-08,17.5438
ES-BRMF,2026-10-01,14.0719
ES-BRMF,2026-10-02,14.0767
ES-BRMF,2026-10-09,14.0841
ES-CHINAARMF,2026-09-30,5.6471
ES-CHINAARMF,2026-10-08,5.492
ES-CORMF,2026-09-30,10.5742
ES-CORMF,2026-10-08,10.2988
ES-DIV70THAIESGX-68A,2026-10-01,12.2228
ES-DIV70THAIESGX-68A,2026-10-02,12.3062
ES-DIV70THAIESGX-68A,2026-10-09,12.2074
ES-DIV70THAIESGX-68D,2026-10-01,11.7639
ES-DIV70THAIESGX-68D,2026-10-02,11.8442
ES-DIV70THAIESGX-68D,2026-10-09,11.7491
ES-DIV70THAIESGX-A,2026-10-01,11.6151
ES-DIV70THAIESGX-A,2026-10-02,11.6943
ES-DIV70THAIESGX-A,2026-10-09,11.6004
ES-DIV70THAIESGX-D,2026-10-01,10.6974
ES-DIV70THAIESGX-D,2026-10-02,10.7704
ES-DIV70THAIESGX-D,2026-10-09,10.6871
ES-DIV70THAIESGX-LA,2026-10-01,12.3418
ES-DIV70THAIESGX-LA,2026-10-02,12.426
ES-DIV70THAIESGX-LA,2026-10-09,12.3262
ES-DIV70THAIESGX-LD,2026-10-01,11.8832
ES-DIV70THAIESGX-LD,2026-10-02,11.9643
ES-DIV70THAIESGX-LD,2026-10-09,11.8682
ES-DIVTHAIESGX-68A,2026-10-01,13.5687
ES-DIVTHAIESGX-68A,2026-10-02,13.7043
ES-DIVTHAIESGX-68A,2026-10-09,13.5287
ES-DIVTHAIESGX-68D,2026-10-01,12.7168
ES-DIVTHAIESGX-68D,2026-10-02,12.8439
ES-DIVTHAIESGX-68D,2026-10-09,12.6793
ES-DIVTHAIESGX-A,2026-10-01,12.5441
ES-DIVTHAIESGX-A,2026-10-02,12.6694
ES-DIVTHAIESGX-A,2026-10-09,12.507
ES-DIVTHAIESGX-D,2026-10-01,11.4425
ES-DIVTHAIESGX-D,2026-10-02,11.5569
ES-DIVTHAIESGX-D,2026-10-09,11.4088
ES-DIVTHAIESGX-LA,2026-10-01,13.7761
ES-DIVTHAIESGX-LA,2026-10-02,13.9141
ES-DIVTHAIESGX-LA,2026-10-09,13.7356
ES-DIVTHAIESGX-LD,2026-10-01,12.9246
ES-DIVTHAIESGX-LD,2026-10-02,13.0541
ES-DIVTHAIESGX-LD,2026-10-09,12.8867
ES-EAERMF,2026-09-30,9.4578
ES-EAERMF,2026-10-01,9.4734
ES-EAERMF,2026-10-08,9.4862
ES-EGRMF,2026-09-30,24.0511
ES-EGRMF,2026-10-01,23.7738
ES-EGRMF,2026-10-08,23.7153
ES-EQRMF,2026-10-01,70.0473
ES-EQRMF,2026-10-02,70.4832
ES-EQRMF,2026-10-09,70.949
ES-ESG3070-ThaiESG-A,2026-10-01,10.8474
ES-ESG3070-ThaiESG-A,2026-10-02,10.8693
ES-ESG3070-ThaiESG-A,2026-10-09,10.9006
ES-ESG3070-ThaiESG-D,2026-10-01,10.7501
ES-ESG3070-ThaiESG-D,2026-10-02,10.7719
ES-ESG3070-ThaiESG-D,2026-10-09,10.8029
ES-FIXEDRMF,2026-10-01,17.816
ES-FIXEDRMF,2026-10-02,17.8173
ES-FIXEDRMF,2026-10-09,17.8342
ES-GAINCOMERMF,2026-09-30,11.683
ES-GAINCOMERMF,2026-10-01,11.69
ES-GAINCOMERMF,2026-10-08,11.6957
ES-GCGRMF,2026-09-30,9.0323
ES-GCGRMF,2026-10-01,9.0468
ES-GCGRMF,2026-10-08,9.1327
ES-GINCOMERMF,2026-09-30,11.4744
ES-GINCOMERMF,2026-10-01,11.4755
ES-GINCOMERMF,2026-10-08,11.5302
ES-GINNORMF,2026-09-30,7.2765
ES-GINNORMF,2026-10-01,7.2342
ES-GINNORMF,2026-10-08,7.1256
ES-GLOBALEQRMF,2026-09-30,21.5444
ES-GLOBALEQRMF,2026-10-01,21.4552
ES-GLOBALEQRMF,2026-10-08,21.5379
ES-GOLDRMF-H,2026-09-30,20.0558
ES-GOLDRMF-H,2026-10-02,20.0145
ES-GOLDRMF-H,2026-10-09,20.0081
ES-GOLDRMF-UH,2026-09-30,24.8979
ES-GOLDRMF-UH,2026-10-02,24.8963
ES-GOLDRMF-UH,2026-10-09,24.8494
ES-GOLDSRMF,2026-10-01,20.9839
ES-GOLDSRMF,2026-10-02,21.1145
ES-GOLDSRMF,2026-10-09,21.0887
ES-GOVRMF,2026-10-01,16.7212
ES-GOVRMF,2026-10-02,16.7215
ES-GOVRMF,2026-10-09,16.7354
ES-GPROPRMF,2026-09-30,8.9681
ES-GPROPRMF,2026-10-01,8.8839
ES-GPROPRMF,2026-10-08,8.801
ES-GQGRMF,2026-09-30,23.0997
ES-GQGRMF,2026-10-01,23.0135
ES-GQGRMF,2026-10-08,23.0785
ES-GRMF,2026-09-30,9.9957
ES-GRMF,2026-10-01,9.9941
ES-GRMF,2026-10-08,10.011
ES-HEALTHCARERMF,2026-09-30,15.081
ES-HEALTHCARERMF,2026-10-01,14.9135
ES-HEALTHCARERMF,2026-10-08,14.7939
ES-INDAERMF,2026-09-30,8.553
ES-INDAERMF,2026-10-01,8.475
ES-INDAERMF,2026-10-08,8.3628
ES-INDONESIA-RMF,2026-09-30,6.7011
ES-INDONESIA-RMF,2026-10-01,6.6022
ES-INDONESIA-RMF,2026-10-08,6.7071
ES-JB25RMF,2026-10-01,41.3598
ES-JB25RMF,2026-10-02,41.576
ES-JB25RMF,2026-10-09,41.6735
ES-JERMF,2026-10-01,31.9065
ES-JERMF,2026-10-02,31.5647
ES-JERMF,2026-10-09,31.906
ES-LOWBETARMF,2026-10-01,16.2861
ES-LOWBETARMF,2026-10-02,16.396
ES-LOWBETARMF,2026-10-09,16.4744
ES-MIXEDRMF,2026-10-01,38.1426
ES-MIXEDRMF,2026-10-02,38.3343
ES-MIXEDRMF,2026-10-09,38.499
ES-MMRMF,2026-10-01,14.9452
ES-MMRMF,2026-10-02,14.9456
ES-MMRMF,2026-10-09,14.9488
ES-MRMF,2026-10-01,13.8995
ES-MRMF,2026-10-02,13.9
ES-MRMF,2026-10-09,13.9022
ES-PIPFRMF,2026-10-01,14.7452
ES-PIPFRMF,2026-10-02,14.6954
ES-PIPFRMF,2026-10-09,14.5397
ES-SET50RMF,2026-10-01,48.4597
ES-SET50RMF,2026-10-02,48.7871
ES-SET50RMF,2026-10-09,48.8843
ES-SET50RMF2,2026-10-01,12.0214
ES-SET50RMF2,2026-10-02,12.1032
ES-SET50RMF2,2026-10-09,12.1292
ES-SETESG-ThaiESG-A,2026-10-01,12.0537
ES-SETESG-ThaiESG-A,2026-10-02,12.1431
ES-SETESG-ThaiESG-A,2026-10-09,12.1796
ES-SETESG-ThaiESG-D,2026-10-01,11.2999
ES-SETESG-ThaiESG-D,2026-10-02,11.3837
ES-SETESG-ThaiESG-D,2026-10-09,11.4179
ES-SMCAPRMF,2026-10-01,7.5653
ES-SMCAPRMF,2026-10-02,7.6563
ES-SMCAPRMF,2026-10-09,7.714
ES-STARTECHRMF,2026-09-30,7.268
ES-STARTECHRMF,2026-10-08,6.8354
ES-TECHRMF,2026-09-30,14.3433
ES-TECHRMF,2026-10-01,14.3233
ES-TECHRMF,2026-10-08,14.5495
ES-ULTIMATE GA1RMF,2026-09-30,10.6544
ES-ULTIMATE GA1RMF,2026-10-01,10.6931
ES-ULTIMATE GA1RMF,2026-10-08,10.7068
ES-ULTIMATE GA2RMF,2026-09-30,11.1833
ES-ULTIMATE GA2RMF,2026-10-01,11.2323
ES-ULTIMATE GA2RMF,2026-10-08,11.2566
ES-ULTIMATE GA3RMF,2026-09-30,11.3132
ES-ULTIMATE GA3RMF,2026-10-01,11.3709
ES-ULTIMATE GA3RMF,2026-10-08,11.4086
ES-US500RMF,2026-09-30,41.6209
ES-US500RMF,2026-10-01,41.7148
ES-US500RMF,2026-10-08,42.2023
ES-VIETNAMRMF,2026-09-30,9.5227
ES-VIETNAMRMF,2026-10-01,9.5144
ES-VIETNAMRMF,2026-10-08,9.4073
F-RMF,2026-10-01,17.0445
F-RMF,2026-10-02,17.0446
F-RMF,2026-10-09,17.0512
FLEX-RMF,2026-10-01,24.5739
FLEX-RMF,2026-10-02,24.6409
FLEX-RMF,2026-10-09,24.6559
FP FLEX RMF,2026-10-01,21.5758
FP FLEX RMF,2026-10-02,21.6107
FP FLEX RMF,2026-10-09,21.6173
FP ThaiESG-A,2026-10-01,10.1214
FP ThaiESG-A,2026-10-02,10.1764
FP ThaiESG-A,2026-10-09,10.1676
FP ThaiESG-D,2026-10-01,10.1015
FP ThaiESG-D,2026-10-02,10.1565
FP ThaiESG-D,2026-10-09,10.1476
FP ThaiESGX-N,2026-10-01,12.876
FP ThaiESGX-N,2026-10-02,12.9412
FP ThaiESGX-N,2026-10-09,12.9415
FP ThaiESGX-N2026,2026-10-01,12.8262
FP ThaiESGX-N2026,2026-10-02,12.8911
FP ThaiESGX-N2026,2026-10-09,12.8915
FP ThaiESGX-SW,2026-10-01,12.9396
FP ThaiESGX-SW,2026-10-02,13.0052
FP ThaiESGX-SW,2026-10-09,13.0055
GBRMF,2026-10-01,15.6278
GBRMF,2026-10-02,15.6286
GBRMF,2026-10-09,15.649
GOLD-RMF-A,2026-10-01,22.6622
GOLD-RMF-A,2026-10-02,22.7852
GOLD-RMF-A,2026-10-09,22.7581
GOLD-RMF-P,2026-10-01,22.6593
GOLD-RMF-P,2026-10-02,22.7823
GOLD-RMF-P,2026-10-09,22.7551
HI-DIV RMF,2026-10-01,11.3161
HI-DIV RMF,2026-10-02,11.3951
HI-DIV RMF,2026-10-09,11.3877
HIDIV-ESGX,2026-10-01,14.3743
HIDIV-ESGX,2026-10-02,14.5024
HIDIV-ESGX,2026-10-09,14.3195
HIDIV-ESGX68,2026-10-01,13.6656
HIDIV-ESGX68,2026-10-02,13.7874
HIDIV-ESGX68,2026-10-09,13.6136
HIDIV-ESGXLTF,2026-10-01,13.6371
HIDIV-ESGXLTF,2026-10-02,13.7586
HIDIV-ESGXLTF,2026-10-09,13.5851
I-GOLDRMF,2026-09-30,24.021
I-GOLDRMF,2026-10-02,24.0082
I-GOLDRMF,2026-10-09,23.9677
IN-RMF,2026-10-01,28.1923
IN-RMF,2026-10-02,28.3744
IN-RMF,2026-10-09,28.5951
K-2035RMF,2026-09-30,12.8822
K-2035RMF,2026-10-01,12.8573
K-2035RMF,2026-10-08,12.8983
K-2040RMF,2026-09-30,13.1012
K-2040RMF,2026-10-01,13.0826
K-2040RMF,2026-10-08,13.108
K-70ThaiESGX-68,2026-10-01,12.2117
K-70ThaiESGX-68,2026-10-02,12.2627
K-70ThaiESGX-68,2026-10-09,12.2241
K-70ThaiESGX-L,2026-10-01,12.2124
K-70ThaiESGX-L,2026-10-02,12.2634
K-70ThaiESGX-L,2026-10-09,12.2248
K-BL30-ThaiESG,2026-10-01,11.2782
K-BL30-ThaiESG,2026-10-02,11.2976
K-BL30-ThaiESG,2026-10-09,11.3
K-BLRMF,2026-10-01,29.5992
K-BLRMF,2026-10-02,29.6509
K-BLRMF,2026-10-09,29.7438
K-CHANGERMF,2026-09-30,11.1972
K-CHANGERMF,2026-10-01,11.1808
K-CHANGERMF,2026-10-08,11.2371
K-CHINARMF,2026-09-30,5.2077
K-CHINARMF,2026-10-08,5.0368
K-ESGBF-ThaiESG,2026-10-01,9.926
K-ESGBF-ThaiESG,2026-10-02,9.9278
K-ESGBF-ThaiESG,2026-10-09,9.9396
K-ESGSI-ThaiESG,2026-10-01,10.6324
K-ESGSI-ThaiESG,2026-10-02,10.6264
K-ESGSI-ThaiESG,2026-10-09,10.6493
K-EURMF,2026-09-30,17.6076
K-EURMF,2026-10-01,17.3057
K-EURMF,2026-10-08,17.0045
K-FIRMF,2026-10-01,17.6605
K-FIRMF,2026-10-02,17.6642
K-FIRMF,2026-10-09,17.6759
K-GARMF,2026-09-30,18.8806
K-GARMF,2026-10-01,18.7643
K-GARMF,2026-10-08,18.8387
K-GBRMF,2026-10-01,15.9699
K-GBRMF,2026-10-02,15.9695
K-GBRMF,2026-10-09,15.9798
K-GDBONDRMF,2026-09-30,9.8331
K-GDBONDRMF,2026-10-01,9.835
K-GDBONDRMF,2026-10-08,9.8808
K-GDRMF,2026-10-01,27.2457
K-GDRMF,2026-10-02,27.4216
K-GDRMF,2026-10-09,27.3898
K-GHRMF,2026-09-30,13.8965
K-GHRMF,2026-10-08,13.5457
K-GIFRMF,2026-09-30,14.495
K-GIFRMF,2026-10-01,14.4548
K-GIFRMF,2026-10-08,14.6822
K-GINCOMERMF,2026-09-30,11.9724
K-GINCOMERMF,2026-10-08,11.9801
K-GNEXTRMF,2026-09-30,9.9032
K-GNEXTRMF,2026-10-01,9.9184
K-GNEXTRMF,2026-10-08,9.8791
K-GSELECTRMF,2026-09-30,11.3003
K-GSELECTRMF,2026-10-01,11.2582
K-GSELECTRMF,2026-10-08,11.33
K-GTECHRMF,2026-09-29,24.8512
K-GTECHRMF,2026-09-30,24.8916
K-GTECHRMF,2026-10-07,25.8694
K-HDThaiESGX-68,2026-10-01,13.3912
K-HDThaiESGX-68,2026-10-02,13.4707
K-HDThaiESGX-68,2026-10-09,13.4062
K-HDThaiESGX-L,2026-10-01,13.3926
K-HDThaiESGX-L,2026-10-02,13.4721
K-HDThaiESGX-L,2026-10-09,13.4077
K-INDIARMF,2026-09-30,9.3331
K-INDIARMF,2026-10-01,9.25
K-INDIARMF,2026-10-08,9.1231
K-JPRMF,2026-09-30,26.3119
K-JPRMF,2026-10-01,26.3134
K-JPRMF,2026-10-08,26.2164
K-PLANETRMF,2026-09-29,13.3623
K-PLANETRMF,2026-09-30,13.3788
K-PLANETRMF,2026-10-07,13.524
K-PROPIRMF,2026-10-01,9.8256
K-PROPIRMF,2026-10-02,9.8073
K-PROPIRMF,2026-10-09,9.7174
K-S50RMF,2026-10-01,15.6037
K-S50RMF,2026-10-02,15.7093
K-S50RMF,2026-10-09,15.7417
K-SELECTRMF,2026-10-01,84.9523
K-SELECTRMF,2026-10-02,85.2834
K-SELECTRMF,2026-10-09,85.816
K-SFRMF,2026-10-01,15.3199
K-SFRMF,2026-10-02,15.319
K-SFRMF,2026-10-09,15.3254
K-TNZ-ThaiESG,2026-10-01,12.8301
K-TNZ-ThaiESG,2026-10-02,12.909
K-TNZ-ThaiESG,2026-10-09,12.9296
K-US500XRMF,2026-09-30,12.9439
K-US500XRMF,2026-10-01,12.9723
K-US500XRMF,2026-10-08,13.1291
K-USARMF,2026-09-30,6.8851
K-USARMF,2026-10-08,6.9145
K-USXNDQRMF,2026-09-30,14.742
K-USXNDQRMF,2026-10-01,14.7912
K-USXNDQRMF,2026-10-08,14.8853
K-VALUERMF,2026-10-01,33.5922
K-VALUERMF,2026-10-02,33.9021
K-VALUERMF,2026-10-09,33.6998
K-VIETNAMRMF,2026-10-01,9.8133
K-VIETNAMRMF,2026-10-02,9.7029
K-VIETNAMRMF,2026-10-09,9.743
K-WORLDXRMF,2026-09-30,13.1414
K-WORLDXRMF,2026-10-01,13.1409
K-WORLDXRMF,2026-10-08,13.214
K-WPBALRMF,2026-09-30,11.4082
K-WPBALRMF,2026-10-08,11.4091
K-WPLIGHTRMF,2026-09-30,9.7537
K-WPLIGHTRMF,2026-10-08,9.7467
K-WPSPEEDRMF,2026-09-30,11.7131
K-WPSPEEDRMF,2026-10-08,11.7251
K-WPULTIRMF,2026-09-30,12.9586
K-WPULTIRMF,2026-10-08,12.9818
KF-ACHINARMF,2026-09-30,4.9509
KF-ACHINARMF,2026-10-01,4.9527
KF-ACHINARMF,2026-10-08,4.846
KF-CSI300-INDXRMF,2026-10-01,9.5513
KF-CSI300-INDXRMF,2026-10-02,9.4326
KF-CSI300-INDXRMF,2026-10-09,9.4534
KF-EMXCN-INDXRMF,2026-09-30,16.9921
KF-EMXCN-INDXRMF,2026-10-01,17.1141
KF-EMXCN-INDXRMF,2026-10-08,16.8924
KF-GCHINARMF,2026-09-30,11.7063
KF-GCHINARMF,2026-10-01,11.7026
KF-GCHINARMF,2026-10-08,11.7091
KF-GDIVRMF,2026-09-30,10.3022
KF-GDIVRMF,2026-10-01,10.2123
KF-GDIVRMF,2026-10-08,10.2811
KF-HSHARE-INDXRMF,2026-10-01,9.0049
KF-HSHARE-INDXRMF,2026-10-02,8.7784
KF-HSHARE-INDXRMF,2026-10-09,8.9232
KF-JP-INDXRMF,2026-10-01,14.1534
KF-JP-INDXRMF,2026-10-02,13.9989
KF-JP-INDXRMF,2026-10-09,14.1474
KF-SINCOME-FXRMF,2026-09-30,10.4808
KF-SINCOME-FXRMF,2026-10-01,10.5285
KF-SINCOME-FXRMF,2026-10-08,10.5714
KF-SINCOMERMF,2026-09-30,11.1299
KF-SINCOMERMF,2026-10-01,11.1259
KF-SINCOMERMF,2026-10-08,11.1799
KF-US-PLUSRMF,2026-09-30,10.7502
KF-US-PLUSRMF,2026-10-01,10.663
KF-US-PLUSRMF,2026-10-08,10.8064
KF-WORLD-INDXRMF,2026-09-30,12.5283
KF-WORLD-INDXRMF,2026-10-01,12.5284
KF-WORLD-INDXRMF,2026-10-08,12.5992
KF1MAXRMF,2026-09-29,11.5455
KF1MAXRMF,2026-09-30,11.4938
KF1MAXRMF,2026-10-07,11.5702
KF1MEANRMF,2026-09-29,11.0459
KF1MEANRMF,2026-09-30,11.0099
KF1MEANRMF,2026-10-07,11.0584
KF1MILDRMF,2026-09-29,10.9479
KF1MILDRMF,2026-09-30,10.9232
KF1MILDRMF,2026-10-07,10.9597
KF70-THAIESGX-68,2026-10-01,11.6366
KF70-THAIESGX-68,2026-10-02,11.6979
KF70-THAIESGX-68,2026-10-09,11.7088
KF70-THAIESGX-69,2026-10-01,11.6367
KF70-THAIESGX-69,2026-10-02,11.6981
KF70-THAIESGX-69,2026-10-09,11.7089
KF70-THAIESGX-L,2026-10-01,11.6367
KF70-THAIESGX-L,2026-10-02,11.698
KF70-THAIESGX-L,2026-10-09,11.7089
KFAEQ-THAIESGX-68,2026-10-01,12.2751
KFAEQ-THAIESGX-68,2026-10-02,12.3525
KFAEQ-THAIESGX-68,2026-10-09,12.3938
KFAEQ-THAIESGX-69,2026-10-01,12.2749
KFAEQ-THAIESGX-69,2026-10-02,12.3522
KFAEQ-THAIESGX-69,2026-10-09,12.3936
KFAEQ-THAIESGX-L,2026-10-01,12.2752
KFAEQ-THAIESGX-L,2026-10-02,12.3525
KFAEQ-THAIESGX-L,2026-10-09,12.3939
KFAFIXRMF,2026-10-01,11.9002
KFAFIXRMF,2026-10-02,11.9001
KFAFIXRMF,2026-10-09,11.9109
KFCASHRMF,2026-10-01,14.0554
KFCASHRMF,2026-10-02,14.0566
KFCASHRMF,2026-10-09,14.058
KFCLIMARMF,2026-09-30,9.4308
KFCLIMARMF,2026-10-01,9.3455
KFCLIMARMF,2026-10-08,9.4127
KFCMEGARMF,2026-09-30,6.9451
KFCMEGARMF,2026-10-01,6.9161
KFCMEGARMF,2026-10-08,6.7672
KFCORERMF,2026-09-30,12.6495
KFCORERMF,2026-10-01,12.6272
KFCORERMF,2026-10-08,12.76
KFDIVRMF,2026-10-01,26.3209
KFDIVRMF,2026-10-02,26.4964
KFDIVRMF,2026-10-09,26.5165
KFDNMRMF,2026-10-01,10.2304
KFDNMRMF,2026-10-02,10.3094
KFDNMRMF,2026-10-09,10.2852
KFEQRMF,2026-10-01,22.9212
KFEQRMF,2026-10-02,23.0851
KFEQRMF,2026-10-09,23.1419
KFESGRMF,2026-09-30,10.8498
KFESGRMF,2026-10-01,10.8454
KFESGRMF,2026-10-08,10.8713
KFEURORMF,2026-09-30,19.1687
KFEURORMF,2026-10-01,18.8777
KFEURORMF,2026-10-08,18.8008
KFFLEX2RMF,2026-10-01,44.1112
KFFLEX2RMF,2026-10-02,44.3726
KFFLEX2RMF,2026-10-09,44.3053
KFGBRANRMF,2026-09-30,14.5254
KFGBRANRMF,2026-10-01,14.4678
KFGBRANRMF,2026-10-08,14.6556
KFGBTHAIESG-A,2026-10-01,10.5439
KFGBTHAIESG-A,2026-10-02,10.5482
KFGBTHAIESG-A,2026-10-09,10.5885
KFGGRMF,2026-09-30,7.4923
KFGGRMF,2026-10-01,7.459
KFGGRMF,2026-10-08,7.5769
KFGLOBALRMF,2026-09-30,11.8718
KFGLOBALRMF,2026-10-01,11.7931
KFGLOBALRMF,2026-10-08,11.9019
KFGLOBFXRMF,2026-09-30,12.4892
KFGLOBFXRMF,2026-10-01,12.4614
KFGLOBFXRMF,2026-10-08,12.5717
KFGOLDRMF,2026-10-01,23.8995
KFGOLDRMF,2026-10-02,24.0446
KFGOLDRMF,2026-10-09,24.0174
KFGOODRMF,2026-10-01,10.183
KFGOODRMF,2026-10-02,10.2041
KFGOODRMF,2026-10-09,10.2038
KFGOVRMF,2026-10-01,15.8739
KFGOVRMF,2026-10-02,15.8737
KFGOVRMF,2026-10-09,15.8901
KFGTECHRMF,2026-09-30,25.063
KFGTECHRMF,2026-10-01,25.1397
KFGTECHRMF,2026-10-08,25.219
KFHAPPYRMF,2026-10-01,10.7914
KFHAPPYRMF,2026-10-02,10.8007
KFHAPPYRMF,2026-10-09,10.8043
KFHCARERMF,2026-09-30,14.5038
KFHCARERMF,2026-10-01,14.3397
KFHCARERMF,2026-10-08,14.1505
KFINDIARMF,2026-09-30,12.5992
KFINDIARMF,2026-10-01,12.3835
KFINDIARMF,2026-10-08,12.2268
KFINFRARMF,2026-09-29,9.7189
KFINFRARMF,2026-09-30,9.6929
KFINFRARMF,2026-10-07,9.8365
KFJAPANRMF,2026-09-30,20.8922
KFJAPANRMF,2026-10-01,21.1108
KFJAPANRMF,2026-10-08,21.0486
KFLTGOVRMF,2026-10-01,15.466
KFLTGOVRMF,2026-10-02,15.4623
KFLTGOVRMF,2026-10-09,15.4958
KFMTFIRMF,2026-10-01,15.5675
KFMTFIRMF,2026-10-02,15.5675
KFMTFIRMF,2026-10-09,15.5815
KFNDQRMF,2026-09-30,13.5193
KFNDQRMF,2026-10-01,13.5631
KFNDQRMF,2026-10-08,13.6513
KFS100RMF,2026-10-01,41.1691
KFS100RMF,2026-10-02,41.4483
KFS100RMF,2026-10-09,41.5824
KFS50-THAIESGX-68,2026-10-01,13.5811
KFS50-THAIESGX-68,2026-10-02,13.6691
KFS50-THAIESGX-68,2026-10-09,13.6978
KFS50-THAIESGX-69,2026-10-01,13.5814
KFS50-THAIESGX-69,2026-10-02,13.6693
KFS50-THAIESGX-69,2026-10-09,13.698
KFS50-THAIESGX-L,2026-10-01,13.5813
KFS50-THAIESGX-L,2026-10-02,13.6692
KFS50-THAIESGX-L,2026-10-09,13.6979
KFSTARRMF,2026-10-01,7.4813
KFSTARRMF,2026-10-02,7.5271
KFSTARRMF,2026-10-09,7.5539
KFSUPERRMF,2026-10-01,8.9333
KFSUPERRMF,2026-10-02,8.9635
KFSUPERRMF,2026-10-09,8.9625
KFTHAIESGA,2026-10-01,11.884
KFTHAIESGA,2026-10-02,11.9726
KFTHAIESGA,2026-10-09,12.0388
KFTHAIESGD,2026-10-01,11.8839
KFTHAIESGD,2026-10-02,11.9726
KFTHAIESGD,2026-10-09,12.0387
KFTSRMF,2026-10-01,54.7766
KFTSRMF,2026-10-02,55.102
KFTSRMF,2026-10-09,55.016
KFUSINDFXRMF,2026-09-30,13.4749
KFUSINDFXRMF,2026-10-01,13.5634
KFUSINDFXRMF,2026-10-08,13.7125
KFUSRMF,2026-09-29,5.797
KFUSRMF,2026-09-30,5.8028
KFUSRMF,2026-10-07,5.9268
KFVIETRMF,2026-09-30,8.898
KFVIETRMF,2026-10-01,8.8577
KFVIETRMF,2026-10-08,8.7692
KKP BL THAI ESGX,2026-10-01,12.3092
KKP BL THAI ESGX,2026-10-02,12.3556
KKP BL THAI ESGX,2026-10-09,12.3323
KKP BL THAI ESGX-2568,2026-10-01,12.3088
KKP BL THAI ESGX-2568,2026-10-02,12.3552
KKP BL THAI ESGX-2568,2026-10-09,12.3319
KKP BL THAI ESGX-for LTF,2026-10-01,12.3089
KKP BL THAI ESGX-for LTF,2026-10-02,12.3553
KKP BL THAI ESGX-for LTF,2026-10-09,12.332
KKP BLRMF,2026-10-01,30.3008
KKP BLRMF,2026-10-02,30.4156
KKP BLRMF,2026-10-09,30.3413
KKP CorePath Balanced RMF,2026-09-29,12.9514
KKP CorePath Balanced RMF,2026-10-01,12.9086
KKP EQ THAI ESG,2026-10-01,10.7027
KKP EQ THAI ESG,2026-10-02,10.751
KKP EQ THAI ESG,2026-10-09,10.8047
KKP EQRMF,2026-10-01,44.2828
KKP EQRMF,2026-10-02,44.507
KKP EQRMF,2026-10-09,44.6502
KKP GB THAI ESG,2026-10-01,10.9634
KKP GB THAI ESG,2026-10-02,10.9634
KKP GB THAI ESG,2026-10-09,11.0056
KKP GNP RMF-H,2026-09-30,19.4465
KKP GNP RMF-H,2026-10-01,19.3829
KKP GNP RMF-H,2026-10-08,19.3815
KKP GNP RMF-UH,2026-09-30,23.404
KKP GNP RMF-UH,2026-10-01,23.4403
KKP GNP RMF-UH,2026-10-08,23.4172
KKP INDIA RMF-UH,2026-09-29,8.9882
KKP INDIA RMF-UH,2026-09-30,8.9228
KKP INDIA RMF-UH,2026-10-07,8.8346
KKP INRMF,2026-10-01,17.1089
KKP INRMF,2026-10-02,17.1119
KKP INRMF,2026-10-09,17.133
KKP MMRMF,2026-10-01,12.5934
KKP MMRMF,2026-10-02,12.594
KKP MMRMF,2026-10-09,12.5966
KKP PGE RMF-H,2026-09-30,13.6264
KKP PGE RMF-H,2026-10-01,13.6238
KKP PGE RMF-H,2026-10-08,13.7035
KKP PGE RMF-UH,2026-09-30,13.8152
KKP PGE RMF-UH,2026-10-01,13.8797
KKP PGE RMF-UH,2026-10-08,13.9486
KKP PROPRMF,2026-09-30,17.7119
KKP PROPRMF,2026-10-01,17.7082
KKP PROPRMF,2026-10-08,17.5623
KKP TECH RMF-H,2026-09-30,19.8203
KKP TECH RMF-H,2026-10-01,19.9599
KKP TECH RMF-H,2026-10-08,20.0194
KKP US500 RMF-UH,2026-09-30,11.8385
KKP US500 RMF-UH,2026-10-01,11.919
KKP US500 RMF-UH,2026-10-08,12.0524
KSRMF,2026-10-01,24.9371
KSRMF,2026-10-02,25.0629
KSRMF,2026-10-09,25.4021
KT-Ashares RMF,2026-09-30,6.7243
KT-Ashares RMF,2026-10-08,6.5782
KT-BOND RMF,2026-09-30,9.0219
KT-BOND RMF,2026-10-01,9.0188
KT-BOND RMF,2026-10-08,9.0338
KT-BRAIN RMF,2026-10-01,7.95
KT-BRAIN RMF,2026-10-02,8.0688
KT-BRAIN RMF,2026-10-09,8.2472
KT-CHINA RMF,2026-09-30,7.1069
KT-CHINA RMF,2026-10-08,7.0345
KT-CLIMATE RMF,2026-09-30,9.7883
KT-CLIMATE RMF,2026-10-01,9.7282
KT-CLIMATE RMF,2026-10-08,9.7029
KT-ESG RMF,2026-10-01,10.66
KT-ESG RMF,2026-10-02,10.6912
KT-ESG RMF,2026-10-09,10.7203
KT-GESG RMF,2026-09-30,11.2319
KT-GESG RMF,2026-10-01,11.2022
KT-GESG RMF,2026-10-08,11.1922
KT-GOLD RMF,2026-10-01,21.386
KT-GOLD RMF,2026-10-02,21.4951
KT-GOLD RMF,2026-10-09,21.4693
KT-HEALTHC RMF,2026-09-30,16.8625
KT-HEALTHC RMF,2026-10-01,16.692
KT-HEALTHC RMF,2026-10-08,16.5501
KT-HiDiv RMF,2026-10-01,19.7794
KT-HiDiv RMF,2026-10-02,19.937
KT-HiDiv RMF,2026-10-09,19.853
KT-PIF RMF,2026-10-01,11.4081
KT-PIF RMF,2026-10-02,11.3805
KT-PIF RMF,2026-10-09,11.2641
KT-PRECIOUS RMF,2026-09-30,10.4887
KT-PRECIOUS RMF,2026-10-01,10.4312
KT-PRECIOUS RMF,2026-10-08,10.275
KT-PROPERTY RMF,2026-09-30,13.6739
KT-PROPERTY RMF,2026-10-01,13.4685
KT-PROPERTY RMF,2026-10-08,13.3201
KT-TECHNOLOGY RMF,2026-09-30,11.4873
KT-TECHNOLOGY RMF,2026-10-01,11.4511
KT-TECHNOLOGY RMF,2026-10-08,11.6035
KT-US RMF,2026-09-30,13.1231
KT-US RMF,2026-10-01,13.1574
KT-US RMF,2026-10-08,13.3322
KT-VIETNAM RMF,2026-10-01,11.7267
KT-VIETNAM RMF,2026-10-02,11.5757
KT-VIETNAM RMF,2026-10-09,11.6913
KT-WEQ RMF,2026-09-30,16.9031
KT-WEQ RMF,2026-10-01,16.8881
KT-WEQ RMF,2026-10-08,17.072
KT-WTAI RMF,2026-09-30,10.8579
KT-WTAI RMF,2026-10-01,10.7947
KT-WTAI RMF,2026-10-08,11.0882
KT25/75RMF,2026-10-01,13.3641
KT25/75RMF,2026-10-02,13.3817
KT25/75RMF,2026-10-09,13.4136
KTAG-ThaiESG,2026-10-01,11.5962
KTAG-ThaiESG,2026-10-02,11.6798
KTAG-ThaiESG,2026-10-09,11.7613
KTAG70/30-ThaiESG,2026-10-01,11.1958
KTAG70/30-ThaiESG,2026-10-02,11.2531
KTAG70/30-ThaiESG,2026-10-09,11.3213
KTEF-RMF,2026-10-01,9.635
KTEF-RMF,2026-10-02,9.6921
KTEF-RMF,2026-10-09,9.7779
KTEQ70PLUSX-D,2026-10-01,11.8378
KTEQ70PLUSX-D,2026-10-02,11.9089
KTEQ70PLUSX-D,2026-10-09,11.968
KTEQ70PLUSX-L,2026-10-01,11.853
KTEQ70PLUSX-L,2026-10-02,11.9242
KTEQ70PLUSX-L,2026-10-09,11.9836
KTEQDIVX-D,2026-10-01,13.4787
KTEQDIVX-D,2026-10-02,13.5908
KTEQDIVX-D,2026-10-09,13.4433
KTEQDIVX-L,2026-10-01,13.4888
KTEQDIVX-L,2026-10-02,13.601
KTEQDIVX-L,2026-10-09,13.4534
KTEQPLUSX-D,2026-10-01,12.9101
KTEQPLUSX-D,2026-10-02,13.0117
KTEQPLUSX-D,2026-10-09,13.0964
KTEQPLUSX-L,2026-10-01,12.9351
KTEQPLUSX-L,2026-10-02,13.0369
KTEQPLUSX-L,2026-10-09,13.1219
KTESG50-ThaiESG,2026-10-01,11.8618
KTESG50-ThaiESG,2026-10-02,11.949
KTESG50-ThaiESG,2026-10-09,11.9878
KTESGSI-ThaiESG,2026-10-01,9.9664
KTESGSI-ThaiESG,2026-10-02,9.965
KTESGSI-ThaiESG,2026-10-09,9.9991
KTMEE-RMF,2026-09-30,12.4326
KTMEE-RMF,2026-10-08,12.467
KTMUNG-RMF,2026-09-30,13.6605
KTMUNG-RMF,2026-10-08,13.7093
KTSE-RMF,2026-10-01,13.0281
KTSE-RMF,2026-10-02,13.0953
KTSE-RMF,2026-10-09,13.2486
KTSET50RMF,2026-10-01,13.9146
KTSET50RMF,2026-10-02,14.0082
KTSET50RMF,2026-10-09,14.0376
KTSRI-RMF,2026-09-30,11.5409
KTSRI-RMF,2026-10-08,11.5601
KTSUK-RMF,2026-09-30,10.9008
KTSUK-RMF,2026-10-08,10.9073
KTWC-INCOME RMF,2026-09-29,10.1349
KTWC-INCOME RMF,2026-09-30,10.1273
KTWC-INCOME RMF,2026-10-07,10.1484
KTWC-MODERATE RMF,2026-09-29,11.6453
KTWC-MODERATE RMF,2026-09-30,11.6667
KTWC-MODERATE RMF,2026-10-07,11.741
LHCHINARMF,2026-09-30,4.1407
LHCHINARMF,2026-10-01,4.1384
LHCHINARMF,2026-10-08,4.0333
LHCYBERRMF,2026-09-30,13.4838
LHCYBERRMF,2026-10-01,13.4103
LHCYBERRMF,2026-10-08,13.8382
LHFLRMF,2026-10-01,15.7141
LHFLRMF,2026-10-02,15.7956
LHFLRMF,2026-10-09,15.8827
LHGEQRMF,2026-09-30,13.5071
LHGEQRMF,2026-10-01,13.4756
LHGEQRMF,2026-10-08,13.649
LHGIGORMF,2026-09-29,9.7201
LHGIGORMF,2026-09-30,9.7094
LHGIGORMF,2026-10-07,9.7082
LHGINCOMERMF,2026-09-29,9.0347
LHGINCOMERMF,2026-09-30,9.0258
LHGINCOMERMF,2026-10-07,9.0248
LHGOVRMF,2026-10-01,11.8407
LHGOVRMF,2026-10-02,11.8415
LHGOVRMF,2026-10-09,11.8553
LHMMRMF,2026-10-01,10.478
LHMMRMF,2026-10-02,10.4789
LHMMRMF,2026-10-09,10.4799
LHSITHAIESG,2026-10-01,10.2015
LHSITHAIESG,2026-10-02,10.2054
LHSITHAIESG,2026-10-09,10.2313
LHTHAIESG-A,2026-10-01,10.0472
LHTHAIESG-A,2026-10-02,10.11
LHTHAIESG-A,2026-10-09,10.1823
LHTHAIESG-D,2026-10-01,9.2286
LHTHAIESG-D,2026-10-02,9.2863
LHTHAIESG-D,2026-10-09,9.3527
LHTHAIESGX-LT,2026-10-01,12.2931
LHTHAIESGX-LT,2026-10-02,12.3748
LHTHAIESGX-LT,2026-10-09,12.4479
LHTHAIESGX-X,2026-10-01,12.293
LHTHAIESGX-X,2026-10-02,12.3746
LHTHAIESGX-X,2026-10-09,12.4478
LHTPROPRMF,2026-10-01,14.7202
LHTPROPRMF,2026-10-02,14.7942
LHTPROPRMF,2026-10-09,14.5292
M-BOND,2026-10-01,14.2467
M-BOND,2026-10-02,14.2431
M-BOND,2026-10-09,14.2591
M-CR,2026-09-30,13.2899
M-CR,2026-10-02,13.2812
M-CR,2026-10-09,13.3019
M-FIX,2026-10-01,15.5535
M-FIX,2026-10-02,15.5514
M-FIX,2026-10-09,15.5684
M-PROP RMF,2026-10-01,11.7066
M-PROP RMF,2026-10-02,11.7434
M-PROP RMF,2026-10-09,11.5455
M-RMF-A,2026-10-01,14.5588
M-RMF-A,2026-10-02,14.5589
M-RMF-A,2026-10-09,14.5609
M-RMF-P,2026-10-01,14.5589
M-RMF-P,2026-10-02,14.5591
M-RMF-P,2026-10-09,14.561
M-S50 RMF,2026-10-01,10.945
M-S50 RMF,2026-10-02,11.019
M-S50 RMF,2026-10-09,11.0424
M-TWSUK RMF,2026-10-01,12.2393
M-TWSUK RMF,2026-10-02,12.2564
M-TWSUK RMF,2026-10-09,12.2789
M-VALUE,2026-10-01,81.1976
M-VALUE,2026-10-02,81.6777
M-VALUE,2026-10-09,81.8314
MEGA10AICHINARMF,2026-09-30,9.1263
MEGA10AICHINARMF,2026-10-02,8.976
MEGA10AICHINARMF,2026-10-09,8.2518
MEGA10AIRMF,2026-09-30,16.0764
MEGA10AIRMF,2026-10-01,16.1584
MEGA10AIRMF,2026-10-08,16.2753
MEGA10CHINAPOPRMF,2026-09-30,7.3212
MEGA10CHINAPOPRMF,2026-10-08,7.2436
MEGA10CHINARMF,2026-09-30,12.0833
MEGA10CHINARMF,2026-10-02,11.8702
MEGA10CHINARMF,2026-10-09,12.1228
MEGA10CHINATECHRMF,2026-09-30,7.3482
MEGA10CHINATECHRMF,2026-10-08,7.1403
MEGA10CYBERRMF,2026-09-30,9.6091
MEGA10CYBERRMF,2026-10-01,9.7553
MEGA10CYBERRMF,2026-10-08,9.8373
MEGA10EURORMF,2026-09-30,11.0161
MEGA10EURORMF,2026-10-01,10.8669
MEGA10EURORMF,2026-10-08,10.6261
MEGA10HEALTHRMF,2026-09-30,11.8931
MEGA10HEALTHRMF,2026-10-01,11.7249
MEGA10HEALTHRMF,2026-10-08,11.819
MEGA10RMF,2026-09-30,23.7826
MEGA10RMF,2026-10-01,23.8913
MEGA10RMF,2026-10-08,24.4043
MEGA20THAIESG,2026-10-01,9.9295
MEGA20THAIESG,2026-10-02,10.035
MEGA20THAIESG,2026-10-09,10.0891
MEGATX8020C-L,2026-10-01,11.4969
MEGATX8020C-L,2026-10-02,11.5707
MEGATX8020C-L,2026-10-09,11.6625
MEGATX8020C-N,2026-10-01,11.497
MEGATX8020C-N,2026-10-02,11.5707
MEGATX8020C-N,2026-10-09,11.6626
MEGATX8020C-T,2026-10-01,11.4973
MEGATX8020C-T,2026-10-02,11.571
MEGATX8020C-T,2026-10-09,11.6629
MEGATX8020U-L,2026-09-30,12.2168
MEGATX8020U-L,2026-10-01,12.2337
MEGATX8020U-L,2026-10-08,12.4076
MEGATX8020U-N,2026-09-30,12.2168
MEGATX8020U-N,2026-10-01,12.2337
MEGATX8020U-N,2026-10-08,12.4076
MEGATX8020U-T,2026-09-30,12.2172
MEGATX8020U-T,2026-10-01,12.2342
MEGATX8020U-T,2026-10-08,12.4081
MEGAWORLD30RMF,2026-09-30,13.1197
MEGAWORLD30RMF,2026-10-01,13.1323
MEGAWORLD30RMF,2026-10-08,13.2208
MEQUITY-ESGX,2026-10-01,13.4839
MEQUITY-ESGX,2026-10-02,13.5766
MEQUITY-ESGX,2026-10-09,13.6129
MEQUITY-ESGX68,2026-10-01,12.9552
MEQUITY-ESGX68,2026-10-02,13.0443
MEQUITY-ESGX68,2026-10-09,13.0791
MEQUITY-ESGXLTF,2026-10-01,12.882
MEQUITY-ESGXLTF,2026-10-02,12.9706
MEQUITY-ESGXLTF,2026-10-09,13.0052
MFLEX-ThaiESG,2026-10-01,11.708
MFLEX-ThaiESG,2026-10-02,11.7668
MFLEX-ThaiESG,2026-10-09,11.7945
MGALL-RMF,2026-09-30,10.0312
MGALL-RMF,2026-10-01,10.0444
MGALL-RMF,2026-10-08,10.065
MGFRMF,2026-09-30,15.0959
MGFRMF,2026-10-01,15.0449
MGFRMF,2026-10-08,15.0319
MHEALTHRMF,2026-09-30,11.014
MHEALTHRMF,2026-10-01,10.8857
MHEALTHRMF,2026-10-08,10.7542
MIF-ESGX,2026-10-01,14.8231
MIF-ESGX,2026-10-02,14.9304
MIF-ESGX,2026-10-09,15.1059
MIF-ESGX68,2026-10-01,14.1119
MIF-ESGX68,2026-10-02,14.214
MIF-ESGX68,2026-10-09,14.3812
MIF-ESGXLTF,2026-10-01,14.1264
MIF-ESGXLTF,2026-10-02,14.2286
MIF-ESGXLTF,2026-10-09,14.3959
MIX-ESGX,2026-10-01,11.5509
MIX-ESGX,2026-10-02,11.6108
MIX-ESGX,2026-10-09,11.6448
MIX-ESGX68,2026-10-01,11.7308
MIX-ESGX68,2026-10-02,11.7917
MIX-ESGX68,2026-10-09,11.8262
MIX-ESGXLTF,2026-10-01,11.6941
MIX-ESGXLTF,2026-10-02,11.7547
MIX-ESGXLTF,2026-10-09,11.7891
MM-RMF,2026-10-01,12.3946
MM-RMF,2026-10-02,12.3949
MM-RMF,2026-10-09,12.3967
MMF-RMF,2026-10-01,13.5593
MMF-RMF,2026-10-02,13.5596
MMF-RMF,2026-10-09,13.5607
MRENEWRMF,2026-09-30,10.3199
MRENEWRMF,2026-10-01,10.1732
MRENEWRMF,2026-10-08,10.2536
MSOV-ThaiESG,2026-10-01,10.3046
MSOV-ThaiESG,2026-10-02,10.2976
MSOV-ThaiESG,2026-10-09,10.3348
MT25-ThaiESG,2026-10-01,12.6359
MT25-ThaiESG,2026-10-02,12.7129
MT25-ThaiESG,2026-10-09,12.7064
ONE-DISCRMF-A,2026-09-30,5.7346
ONE-DISCRMF-A,2026-10-01,5.7332
ONE-DISCRMF-A,2026-10-08,5.672
ONE-THAIESG,2026-10-01,12.0208
ONE-THAIESG,2026-10-02,12.0995
ONE-THAIESG,2026-10-09,12.0881
ONE-THAIESGX-L,2026-10-01,12.7171
ONE-THAIESGX-L,2026-10-02,12.8012
ONE-THAIESGX-L,2026-10-09,12.7898
ONE-THAIESGX-X,2026-10-01,12.7168
ONE-THAIESGX-X,2026-10-02,12.8008
ONE-THAIESGX-X,2026-10-09,12.7894
ONE-UGERMF-A,2026-09-30,18.0467
ONE-UGERMF-A,2026-10-01,18.0113
ONE-UGERMF-A,2026-10-08,18.2767
ONE-UGERMF-P,2026-09-30,18.0468
ONE-UGERMF-P,2026-10-01,18.0113
ONE-UGERMF-P,2026-10-08,18.2767
ONE-VIETNAMRMF-A,2026-09-30,7.1253
ONE-VIETNAMRMF-A,2026-10-01,7.1183
ONE-VIETNAMRMF-A,2026-10-08,7.134
ONEPROP-RMF,2026-10-01,11.2141
ONEPROP-RMF,2026-10-02,11.2518
ONEPROP-RMF,2026-10-09,11.061
P-MESGX-N,2026-10-01,10.8077
P-MESGX-N,2026-10-02,10.8666
P-MESGX-N,2026-10-09,10.88
P-MESGX-SW,2026-10-01,10.9066
P-MESGX-SW,2026-10-02,10.966
P-MESGX-SW,2026-10-09,10.9796
PFIXRMF,2026-10-01,11.3282
PFIXRMF,2026-10-02,11.3315
PFIXRMF,2026-10-09,11.3652
PMIXRMF,2026-10-01,25.0808
PMIXRMF,2026-10-02,25.2004
PMIXRMF,2026-10-09,25.2191
PRINCIPAL AARMF,2026-09-29,20.4248
PRINCIPAL AARMF,2026-09-30,20.2122
PRINCIPAL AARMF,2026-10-07,20.5175
PRINCIPAL APDIRMF,2026-09-30,16.2314
PRINCIPAL APDIRMF,2026-10-01,16.2768
PRINCIPAL APDIRMF,2026-10-08,16.0382
PRINCIPAL BARMF,2026-09-30,12.858
PRINCIPAL BARMF,2026-10-01,12.8789
PRINCIPAL BARMF,2026-10-08,12.9169
PRINCIPAL EQESG-ThaiESG,2026-10-01,11.581
PRINCIPAL EQESG-ThaiESG,2026-10-02,11.6633
PRINCIPAL EQESG-ThaiESG,2026-10-09,11.772
PRINCIPAL EQRMF,2026-10-01,19.3976
PRINCIPAL EQRMF,2026-10-02,19.5026
PRINCIPAL EQRMF,2026-10-09,19.6368
PRINCIPAL FIRMF,2026-10-01,15.3736
PRINCIPAL FIRMF,2026-10-02,15.3754
PRINCIPAL FIRMF,2026-10-09,15.3862
PRINCIPAL MMRMF,2026-10-01,12.4619
PRINCIPAL MMRMF,2026-10-02,12.4621
PRINCIPAL MMRMF,2026-10-09,12.4641
PRINCIPAL PRMF,2026-10-01,12.9695
PRINCIPAL PRMF,2026-10-02,12.9698
PRINCIPAL PRMF,2026-10-09,12.972
PRINCIPAL SEQTESGX-N,2026-10-01,13.5296
PRINCIPAL SEQTESGX-N,2026-10-02,13.6477
PRINCIPAL SEQTESGX-N,2026-10-09,13.5716
PRINCIPAL SEQTESGX-O,2026-10-01,13.5299
PRINCIPAL SEQTESGX-O,2026-10-02,13.648
PRINCIPAL SEQTESGX-O,2026-10-09,13.5719
PRINCIPAL SEQTESGX-T,2026-10-01,13.5301
PRINCIPAL SEQTESGX-T,2026-10-02,13.6483
PRINCIPAL SEQTESGX-T,2026-10-09,13.5722
PRINCIPAL SET100RMF,2026-10-01,22.0386
PRINCIPAL SET100RMF,2026-10-02,22.1852
PRINCIPAL SET100RMF,2026-10-09,22.2517
PRINCIPAL VNEQRMF,2026-09-30,9.9475
PRINCIPAL VNEQRMF,2026-10-01,9.9842
PRINCIPAL VNEQRMF,2026-10-08,10.0235
PRINCIPAL iPROPRMF,2026-10-01,16.6161
PRINCIPAL iPROPRMF,2026-10-02,16.609
PRINCIPAL iPROPRMF,2026-10-09,16.4208
PWINRMF,2026-09-30,14.4765
PWINRMF,2026-10-01,14.5265
PWINRMF,2026-10-08,14.4961
RMF1,2026-10-01,66.0736
RMF1,2026-10-02,66.3729
RMF1,2026-10-09,66.5392
RMF2,2026-10-01,16.928
RMF2,2026-10-02,16.9275
RMF2,2026-10-09,16.9415
RMF3,2026-10-01,15.5258
RMF3,2026-10-02,15.5276
RMF3,2026-10-09,15.5402
RMF4,2026-10-01,12.3731
RMF4,2026-10-02,12.3736
RMF4,2026-10-09,12.375
SCBGOLDHRMF,2026-10-01,17.9794
SCBGOLDHRMF,2026-10-02,18.0889
SCBGOLDHRMF,2026-10-09,18.0702
SCBRM1,2026-10-01,15.3926
SCBRM1,2026-10-02,15.3927
SCBRM1,2026-10-09,15.4003
SCBRM2,2026-10-01,15.8613
SCBRM2,2026-10-02,15.8739
SCBRM2,2026-10-09,15.9033
SCBRM3,2026-10-01,27.9521
SCBRM3,2026-10-02,28.154
SCBRM3,2026-10-09,28.4091
SCBRM4,2026-10-01,57.2566
SCBRM4,2026-10-02,57.5116
SCBRM4,2026-10-09,57.9196
SCBRMASHARES(A),2026-09-30,8.1035
SCBRMASHARES(A),2026-10-01,8.112
SCBRMASHARES(A),2026-10-08,7.9259
SCBRMCHA,2026-10-01,8.0983
SCBRMCHA,2026-10-02,7.994
SCBRMCHA,2026-10-09,8.0134
SCBRMCLEAN(A),2026-09-29,7.0744
SCBRMCLEAN(A),2026-09-30,7.0539
SCBRMCLEAN(A),2026-10-07,7.178
SCBRMCTECH,2026-09-30,5.2503
SCBRMCTECH,2026-10-01,5.2095
SCBRMCTECH,2026-10-08,5.0328
SCBRMDIGI(A),2026-09-29,23.2029
SCBRMDIGI(A),2026-09-30,23.2892
SCBRMDIGI(A),2026-10-07,24.3589
SCBRMEU,2026-09-30,19.7603
SCBRMEU,2026-10-01,19.5066
SCBRMEU,2026-10-08,19.4481
SCBRMGHC,2026-09-29,18.5457
SCBRMGHC,2026-09-30,18.3876
SCBRMGHC,2026-10-07,18.2607
SCBRMGIF,2026-09-30,14.572
SCBRMGIF,2026-10-01,14.3457
SCBRMGIF,2026-10-08,14.7494
SCBRMGW,2026-09-29,12.4662
SCBRMGW,2026-09-30,12.4533
SCBRMGW,2026-10-07,12.6065
SCBRMGWP,2026-09-29,14.6608
SCBRMGWP,2026-09-30,14.6403
SCBRMGWP,2026-10-07,14.8352
SCBRMJAPAN(A),2026-09-30,18.4246
SCBRMJAPAN(A),2026-10-01,18.4106
SCBRMJAPAN(A),2026-10-08,18.687
SCBRMJP,2026-10-01,36.3383
SCBRMJP,2026-10-02,35.9522
SCBRMJP,2026-10-09,36.3616
SCBRMLEQ,2026-09-30,15.7239
SCBRMLEQ,2026-10-01,15.6972
SCBRMLEQ,2026-10-08,15.8746
SCBRMMLCA,2026-09-30,7.966
SCBRMMLCA,2026-10-01,7.9948
SCBRMMLCA,2026-10-08,7.8753
SCBRMMONEY,2026-10-01,10.0749
SCBRMMONEY,2026-10-02,10.0753
SCBRMMONEY,2026-10-09,10.0764
SCBRMNDQ(A),2026-09-30,17.3855
SCBRMNDQ(A),2026-10-01,17.4396
SCBRMNDQ(A),2026-10-08,17.5557
SCBRMPGF(A),2026-09-29,11.8868
SCBRMPGF(A),2026-09-30,11.8869
SCBRMPGF(A),2026-10-07,11.8808
SCBRMPIN,2026-10-01,8.7157
SCBRMPIN,2026-10-02,8.6876
SCBRMPIN,2026-10-09,8.6161
SCBRMPOP,2026-09-30,15.5531
SCBRMPOP,2026-10-01,15.3134
SCBRMPOP,2026-10-08,15.4173
SCBRMS&P500,2026-09-30,22.7963
SCBRMS&P500,2026-10-01,22.8404
SCBRMS&P500,2026-10-08,23.1163
SCBRMS50,2026-10-01,21.6889
SCBRMS50,2026-10-02,21.8353
SCBRMS50,2026-10-09,21.8814
SCBRMUSA(A),2026-09-30,18.7008
SCBRMUSA(A),2026-10-01,18.7042
SCBRMUSA(A),2026-10-08,18.906
SCBRMVIET(A),2026-10-01,8.0045
SCBRMVIET(A),2026-10-02,7.9195
SCBRMVIET(A),2026-10-09,8.0022
SCBRMWORLD(A),2026-09-30,16.2769
SCBRMWORLD(A),2026-10-01,16.2467
SCBRMWORLD(A),2026-10-08,16.3917
SCBT70X(25A),2026-10-01,12.0459
SCBT70X(25A),2026-10-02,12.0815
SCBT70X(25A),2026-10-09,12.1654
SCBT70X(25D),2026-10-01,11.4576
SCBT70X(25D),2026-10-02,11.4914
SCBT70X(25D),2026-10-09,11.5713
SCBT70X(26A),2026-10-01,11.9296
SCBT70X(26A),2026-10-02,11.9648
SCBT70X(26A),2026-10-09,12.0479
SCBT70X(26D),2026-10-01,11.7747
SCBT70X(26D),2026-10-02,11.8095
SCBT70X(26D),2026-10-09,11.8916
SCBT70X(LTFA),2026-10-01,12.046
SCBT70X(LTFA),2026-10-02,12.0815
SCBT70X(LTFA),2026-10-09,12.1655
SCBT70X(LTFD),2026-10-01,11.4581
SCBT70X(LTFD),2026-10-02,11.4919
SCBT70X(LTFD),2026-10-09,11.5718
SCBTA(ThaiESG),2026-10-01,11.9881
SCBTA(ThaiESG),2026-10-02,12.0797
SCBTA(ThaiESG),2026-10-09,12.1633
SCBTA(ThaiESGA),2026-10-01,11.9882
SCBTA(ThaiESGA),2026-10-02,12.0799
SCBTA(ThaiESGA),2026-10-09,12.1635
SCBTA(ThaiESGE),2026-10-01,12.4635
SCBTA(ThaiESGE),2026-10-02,12.5595
SCBTA(ThaiESGE),2026-10-09,12.6509
SCBTAPX(25A),2026-10-01,13.4279
SCBTAPX(25A),2026-10-02,13.501
SCBTAPX(25A),2026-10-09,13.6195
SCBTAPX(25D),2026-10-01,12.7845
SCBTAPX(25D),2026-10-02,12.8541
SCBTAPX(25D),2026-10-09,12.967
SCBTAPX(26A),2026-10-01,13.429
SCBTAPX(26A),2026-10-02,13.5021
SCBTAPX(26A),2026-10-09,13.6207
SCBTAPX(26D),2026-10-01,13.1068
SCBTAPX(26D),2026-10-02,13.1781
SCBTAPX(26D),2026-10-09,13.2938
SCBTAPX(LTFA),2026-10-01,13.4289
SCBTAPX(LTFA),2026-10-02,13.502
SCBTAPX(LTFA),2026-10-09,13.6206
SCBTAPX(LTFD),2026-10-01,12.7855
SCBTAPX(LTFD),2026-10-02,12.855
SCBTAPX(LTFD),2026-10-09,12.9679
SCBTAX(25A),2026-10-01,13.4621
SCBTAX(25A),2026-10-02,13.527
SCBTAX(25A),2026-10-09,13.6703
SCBTAX(25D),2026-10-01,12.5602
SCBTAX(25D),2026-10-02,12.6208
SCBTAX(25D),2026-10-09,12.7545
SCBTAX(26A),2026-10-01,13.3441
SCBTAX(26A),2026-10-02,13.4084
SCBTAX(26A),2026-10-09,13.5506
SCBTAX(26D),2026-10-01,13.1207
SCBTAX(26D),2026-10-02,13.184
SCBTAX(26D),2026-10-09,13.3237
SCBTAX(LTFA),2026-10-01,13.4597
SCBTAX(LTFA),2026-10-02,13.5246
SCBTAX(LTFA),2026-10-09,13.6679
SCBTAX(LTFD),2026-10-01,12.5602
SCBTAX(LTFD),2026-10-02,12.6208
SCBTAX(LTFD),2026-10-09,12.7545
SCBTB(ThaiESGA),2026-10-01,10.3443
SCBTB(ThaiESGA),2026-10-02,10.348
SCBTB(ThaiESGA),2026-10-09,10.3847
SCBTB(ThaiESGE),2026-10-01,10.409
SCBTB(ThaiESGE),2026-10-02,10.4128
SCBTB(ThaiESGE),2026-10-09,10.4504
SCBTD(ThaiESG),2026-10-01,11.2005
SCBTD(ThaiESG),2026-10-02,11.2679
SCBTD(ThaiESG),2026-10-09,11.3422
SCBTD(ThaiESGA),2026-10-01,11.5326
SCBTD(ThaiESGA),2026-10-02,11.602
SCBTD(ThaiESGA),2026-10-09,11.6785
SCBTD(ThaiESGE),2026-10-01,11.5534
SCBTD(ThaiESGE),2026-10-02,11.6234
SCBTD(ThaiESGE),2026-10-09,11.7036
SCBTM(ThaiESG),2026-10-01,12.0369
SCBTM(ThaiESG),2026-10-02,12.0921
SCBTM(ThaiESG),2026-10-09,12.1542
SCBTM(ThaiESGA),2026-10-01,12.037
SCBTM(ThaiESGA),2026-10-02,12.0922
SCBTM(ThaiESGA),2026-10-09,12.1543
SCBTM(ThaiESGE),2026-10-01,12.4458
SCBTM(ThaiESGE),2026-10-02,12.5034
SCBTM(ThaiESGE),2026-10-09,12.5715
SCBTP(ThaiESG),2026-10-01,12.2483
SCBTP(ThaiESG),2026-10-02,12.3389
SCBTP(ThaiESG),2026-10-09,12.3803
SCBTP(ThaiESGA),2026-10-01,12.2482
SCBTP(ThaiESGA),2026-10-02,12.3388
SCBTP(ThaiESGA),2026-10-09,12.3803
SCBTP(ThaiESGE),2026-10-01,12.3771
SCBTP(ThaiESGE),2026-10-02,12.4689
SCBTP(ThaiESGE),2026-10-09,12.5119
SCBTS100X(25A),2026-10-01,13.8134
SCBTS100X(25A),2026-10-02,13.9032
SCBTS100X(25A),2026-10-09,13.9437
SCBTS100X(25D),2026-10-01,13.156
SCBTS100X(25D),2026-10-02,13.2414
SCBTS100X(25D),2026-10-09,13.28
SCBTS100X(26A),2026-10-01,13.8158
SCBTS100X(26A),2026-10-02,13.9055
SCBTS100X(26A),2026-10-09,13.946
SCBTS100X(26D),2026-10-01,13.6513
SCBTS100X(26D),2026-10-02,13.74
SCBTS100X(26D),2026-10-09,13.78
SCBTS100X(LTFA),2026-10-01,13.8145
SCBTS100X(LTFA),2026-10-02,13.9042
SCBTS100X(LTFA),2026-10-09,13.9447
SCBTS100X(LTFD),2026-10-01,13.1572
SCBTS100X(LTFD),2026-10-02,13.2427
SCBTS100X(LTFD),2026-10-09,13.2813
SVRMF,2026-10-01,14.1329
SVRMF,2026-10-02,14.1332
SVRMF,2026-10-09,14.1384
T-ThaiESG-A,2026-10-01,12.4486
T-ThaiESG-A,2026-10-02,12.5448
T-ThaiESG-A,2026-10-09,12.6186
T-ThaiESG-D,2026-10-01,12.0625
T-ThaiESG-D,2026-10-02,12.1558
T-ThaiESG-D,2026-10-09,12.2273
TAIRMF-A,2026-09-30,16.2486
TAIRMF-A,2026-10-01,16.1008
TAIRMF-A,2026-10-08,16.3581
TAIRMF-P,2026-09-30,16.2492
TAIRMF-P,2026-10-01,16.1013
TAIRMF-P,2026-10-08,16.3586
TAPRMF,2026-09-30,15.2447
TAPRMF,2026-10-01,15.1818
TAPRMF,2026-10-08,15.0455
TCHARMF-A,2026-10-01,7.7458
TCHARMF-A,2026-10-02,7.6271
TCHARMF-A,2026-10-09,7.6191
TCHARMF-P,2026-10-01,7.7463
TCHARMF-P,2026-10-02,7.6277
TCHARMF-P,2026-10-09,7.6196
TCHRMF,2026-10-01,6.9847
TCHRMF,2026-10-02,6.8063
TCHRMF,2026-10-09,6.9199
TCHTECHRMF-A,2026-09-30,4.5751
TCHTECHRMF-A,2026-10-01,4.541
TCHTECHRMF-A,2026-10-08,4.3905
TCHTECHRMF-P,2026-09-30,4.5483
TCHTECHRMF-P,2026-10-01,4.5144
TCHTECHRMF-P,2026-10-08,4.3648
TCIRMF,2026-09-30,6.3608
TCIRMF,2026-10-01,6.3414
TCIRMF,2026-10-08,6.1793
TDSThaiESG-A,2026-10-01,14.4253
TDSThaiESG-A,2026-10-02,14.5005
TDSThaiESG-A,2026-10-09,14.7055
TDSThaiESG-D,2026-10-01,14.0871
TDSThaiESG-D,2026-10-02,14.1606
TDSThaiESG-D,2026-10-09,14.3607
TEGRMF-A,2026-10-01,73.0296
TEGRMF-A,2026-10-02,73.6314
TEGRMF-A,2026-10-09,74.6964
TEGRMF-B,2026-10-01,77.9622
TEGRMF-B,2026-10-02,78.6058
TEGRMF-B,2026-10-09,79.751
TEGRMF-P,2026-10-01,73.0296
TEGRMF-P,2026-10-02,73.6315
TEGRMF-P,2026-10-09,74.6965
TEURMF-A,2026-09-30,19.8061
TEURMF-A,2026-10-01,19.554
TEURMF-A,2026-10-08,19.4849
TEURMF-P,2026-09-30,19.8069
TEURMF-P,2026-10-01,19.5547
TEURMF-P,2026-10-08,19.4857
TFIRMF-A,2026-10-01,16.2646
TFIRMF-A,2026-10-02,16.2663
TFIRMF-A,2026-10-09,16.282
TFIRMF-B,2026-10-01,16.5587
TFIRMF-B,2026-10-02,16.5604
TFIRMF-B,2026-10-09,16.5766
TFIRMF-P,2026-10-01,16.2655
TFIRMF-P,2026-10-02,16.2672
TFIRMF-P,2026-10-09,16.2829
TFPRMF-A,2026-10-01,65.5551
TFPRMF-A,2026-10-02,65.9647
TFPRMF-A,2026-10-09,66.2579
TFPRMF-P,2026-10-01,65.5552
TFPRMF-P,2026-10-02,65.9648
TFPRMF-P,2026-10-09,66.258
TGHRMF-A,2026-09-30,15.0973
TGHRMF-A,2026-10-01,14.9121
TGHRMF-A,2026-10-08,14.9937
TGHRMF-B,2026-09-30,15.1919
TGHRMF-B,2026-10-01,15.0056
TGHRMF-B,2026-10-08,15.0889
TGHRMF-P,2026-09-30,14.9748
TGHRMF-P,2026-10-01,14.7911
TGHRMF-P,2026-10-08,14.872
TGOLDRMF-A,2026-10-01,16.7833
TGOLDRMF-A,2026-10-02,16.7688
TGOLDRMF-A,2026-10-09,16.7538
TGOLDRMF-P,2026-10-01,16.7841
TGOLDRMF-P,2026-10-02,16.7696
TGOLDRMF-P,2026-10-09,16.7546
TGQUALITYRMF-A,2026-09-30,12.127
TGQUALITYRMF-A,2026-10-01,12.0092
TGQUALITYRMF-A,2026-10-08,12.1669
TGQUALITYRMF-B,2026-09-30,12.2173
TGQUALITYRMF-B,2026-10-01,12.0987
TGQUALITYRMF-B,2026-10-08,12.2583
TGQUALITYRMF-P,2026-09-30,12.1311
TGQUALITYRMF-P,2026-10-01,12.0132
TGQUALITYRMF-P,2026-10-08,12.171
TGSMARTRMF-A,2026-09-30,11.0293
TGSMARTRMF-A,2026-10-01,11.0464
TGSMARTRMF-A,2026-10-08,11.0466
TGSMARTRMF-B,2026-09-30,11.0636
TGSMARTRMF-B,2026-10-01,11.0808
TGSMARTRMF-B,2026-10-08,11.0816
TGSMARTRMF-P,2026-09-30,11.0294
TGSMARTRMF-P,2026-10-01,11.0465
TGSMARTRMF-P,2026-10-08,11.0467
THDRMF-A,2026-10-01,27.0989
THDRMF-A,2026-10-02,27.3262
THDRMF-A,2026-10-09,27.0978
THDRMF-P,2026-10-01,27.1008
THDRMF-P,2026-10-02,27.3281
THDRMF-P,2026-10-09,27.0997
TINRMF-A,2026-10-01,11.1975
TINRMF-A,2026-10-02,11.2145
TINRMF-A,2026-10-09,11.2078
TINRMF-B,2026-10-01,11.2778
TINRMF-B,2026-10-02,11.295
TINRMF-B,2026-10-09,11.2889
TINRMF-P,2026-10-01,11.1977
TINRMF-P,2026-10-02,11.2147
TINRMF-P,2026-10-09,11.208
TJPRMF-A,2026-10-01,39.8343
TJPRMF-A,2026-10-02,39.4102
TJPRMF-A,2026-10-09,39.8287
TJPRMF-P,2026-10-01,39.8357
TJPRMF-P,2026-10-02,39.4115
TJPRMF-P,2026-10-09,39.8301
TLAWSRMF,2026-09-30,12.8267
TLAWSRMF,2026-10-01,12.9394
TLAWSRMF,2026-10-08,12.8904
TLCOREWEALTHRMF,2026-09-30,9.881
TLCOREWEALTHRMF,2026-10-01,9.9284
TLCOREWEALTHRMF,2026-10-08,9.9523
TLDEFENSERMF,2026-09-30,8.7076
TLDEFENSERMF,2026-10-01,8.7575
TLDEFENSERMF,2026-10-08,8.6053
TLDIVRMF,2026-10-01,11.5584
TLDIVRMF,2026-10-02,11.6349
TLDIVRMF,2026-10-09,11.5799
TLEQRMF,2026-10-01,8.5128
TLEQRMF,2026-10-02,8.5435
TLEQRMF,2026-10-09,8.5945
TLFLEXRMF,2026-10-01,7.7186
TLFLEXRMF,2026-10-02,7.7475
TLFLEXRMF,2026-10-09,7.7857
TLMMRMF,2026-10-01,10.9474
TLMMRMF,2026-10-02,10.9476
TLMMRMF,2026-10-09,10.9489
TLMSEQRMF,2026-10-01,6.45
TLMSEQRMF,2026-10-02,6.4822
TLMSEQRMF,2026-10-09,6.5005
TLUS500RMF,2026-09-30,11.7226
TLUS500RMF,2026-10-01,11.7992
TLUS500RMF,2026-10-08,11.9318
TLUSGOVRMF,2026-09-30,10.1787
TLUSGOVRMF,2026-10-01,10.2247
TLUSGOVRMF,2026-10-08,10.2156
TLUSHDRMF,2026-09-30,10.6061
TLUSHDRMF,2026-10-01,10.6988
TLUSHDRMF,2026-10-08,10.8387
TLUSHGRMF,2026-09-30,10.6049
TLUSHGRMF,2026-10-01,10.6754
TLUSHGRMF,2026-10-08,10.7807
TLUSNDQRMF,2026-09-30,12.3345
TLUSNDQRMF,2026-10-01,12.4296
TLUSNDQRMF,2026-10-08,12.502
TLWORLDHDRMF,2026-09-30,9.9901
TLWORLDHDRMF,2026-10-01,9.8496
TLWORLDHDRMF,2026-10-08,9.883
TLWORLDRMF,2026-09-30,11.4981
TLWORLDRMF,2026-10-01,11.5482
TLWORLDRMF,2026-10-08,11.5945
TLWORLDXUSRMF,2026-09-30,9.9289
TLWORLDXUSRMF,2026-10-01,9.9171
TLWORLDXUSRMF,2026-10-08,9.8583
TMSRMF-A,2026-10-01,11.2044
TMSRMF-A,2026-10-02,11.2923
TMSRMF-A,2026-10-09,11.4701
TMSRMF-B,2026-10-01,11.9299
TMSRMF-B,2026-10-02,12.0236
TMSRMF-B,2026-10-09,12.2142
TMSRMF-P,2026-10-01,11.2044
TMSRMF-P,2026-10-02,11.2923
TMSRMF-P,2026-10-09,11.4701
TNASDAQRMF-A,2026-09-30,17.4284
TNASDAQRMF-A,2026-10-01,17.4893
TNASDAQRMF-A,2026-10-08,17.6107
TNASDAQRMF-B,2026-09-30,17.5341
TNASDAQRMF-B,2026-10-01,17.5955
TNASDAQRMF-B,2026-10-08,17.7188
TNASDAQRMF-P,2026-09-30,17.4143
TNASDAQRMF-P,2026-10-01,17.4752
TNASDAQRMF-P,2026-10-08,17.5965
TNEXTGENRMF-A,2026-09-30,11.1115
TNEXTGENRMF-A,2026-10-01,11.1699
TNEXTGENRMF-A,2026-10-08,11.3042
TNEXTGENRMF-P,2026-09-30,11.0952
TNEXTGENRMF-P,2026-10-01,11.1536
TNEXTGENRMF-P,2026-10-08,11.2877
TSFIRMF,2026-10-01,14.9642
TSFIRMF,2026-10-02,14.9656
TSFIRMF,2026-10-09,14.9815
TSFRMF-A,2026-10-01,8.0995
TSFRMF-A,2026-10-02,8.2174
TSFRMF-A,2026-10-09,8.5149
TSFRMF-P,2026-10-01,8.0996
TSFRMF-P,2026-10-02,8.2175
TSFRMF-P,2026-10-09,8.515
TSIThaiESG,2026-10-01,10.3255
TSIThaiESG,2026-10-02,10.3157
TSIThaiESG,2026-10-09,10.3497
TTECHRMF-A,2026-09-30,25.4359
TTECHRMF-A,2026-10-01,25.631
TTECHRMF-A,2026-10-08,25.7124
TTECHRMF-P,2026-09-30,25.4235
TTECHRMF-P,2026-10-01,25.6185
TTECHRMF-P,2026-10-08,25.6998
TThai70ESGX-A,2026-10-01,12.3366
TThai70ESGX-A,2026-10-02,12.4002
TThai70ESGX-A,2026-10-09,12.4635
TThai70ESGX-L,2026-10-01,12.3362
TThai70ESGX-L,2026-10-02,12.3997
TThai70ESGX-L,2026-10-09,12.463
TThai70ESGX-S,2026-10-01,12.3362
TThai70ESGX-S,2026-10-02,12.3997
TThai70ESGX-S,2026-10-09,12.4631
TThaiESGX-A,2026-10-01,13.5752
TThaiESGX-A,2026-10-02,13.6808
TThaiESGX-A,2026-10-09,13.7626
TThaiESGX-L,2026-10-01,13.5747
TThaiESGX-L,2026-10-02,13.6804
TThaiESGX-L,2026-10-09,13.7622
TThaiESGX-S,2026-10-01,13.5746
TThaiESGX-S,2026-10-02,13.6803
TThaiESGX-S,2026-10-09,13.7621
TUSRMF-A,2026-09-30,32.4203
TUSRMF-A,2026-10-01,32.493
TUSRMF-A,2026-10-08,32.8943
TUSRMF-B,2026-09-30,32.6492
TUSRMF-B,2026-10-01,32.7227
TUSRMF-B,2026-10-08,33.1289
TUSRMF-P,2026-09-30,32.4178
TUSRMF-P,2026-10-01,32.4905
TUSRMF-P,2026-10-08,32.8918
TVIETNAMRMF-A,2026-09-29,12.8322
TVIETNAMRMF-A,2026-09-30,12.7887
TVIETNAMRMF-A,2026-10-07,12.795
TVIETNAMRMF-P,2026-09-29,12.8323
TVIETNAMRMF-P,2026-09-30,12.7887
TVIETNAMRMF-P,2026-10-07,12.795
TWBRMF-A,2026-10-01,8.0514
TWBRMF-A,2026-10-02,8.0949
TWBRMF-A,2026-10-09,8.1331
TWBRMF-P,2026-10-01,8.0515
TWBRMF-P,2026-10-02,8.0951
TWBRMF-P,2026-10-09,8.1332
UCHINARMF,2026-09-30,6.9208
UCHINARMF,2026-10-08,6.7393
UEQ-TESGX-D,2026-10-01,12.5575
UEQ-TESGX-D,2026-10-02,12.6622
UEQ-TESGX-D,2026-10-09,12.78
UEQ-TESGX-D68,2026-10-01,12.5571
UEQ-TESGX-D68,2026-10-02,12.6617
UEQ-TESGX-D68,2026-10-09,12.7795
UEQ-TESGX-D68L,2026-10-01,12.5571
UEQ-TESGX-D68L,2026-10-02,12.6617
UEQ-TESGX-D68L,2026-10-09,12.7795
UEQ-TESGX-N,2026-10-01,12.5571
UEQ-TESGX-N,2026-10-02,12.6618
UEQ-TESGX-N,2026-10-09,12.7796
UEQ-TESGX-N68,2026-10-01,12.5571
UEQ-TESGX-N68,2026-10-02,12.6617
UEQ-TESGX-N68,2026-10-09,12.7795
UEQ-TESGX-N68L,2026-10-01,12.557
UEQ-TESGX-N68L,2026-10-02,12.6617
UEQ-TESGX-N68L,2026-10-09,12.7795
UGBFRMF,2026-09-30,11.1567
UGBFRMF,2026-10-08,11.1348
UGFTRMF,2026-09-30,11.13
UGFTRMF,2026-10-01,11.0608
UGFTRMF,2026-10-08,11.0835
UGISRMF,2026-09-30,10.5358
UGISRMF,2026-10-01,10.5327
UGISRMF,2026-10-08,10.5843
UGQGRMF,2026-09-30,13.3351
UGQGRMF,2026-10-01,13.3463
UGQGRMF,2026-10-08,13.3828
UHCRMF,2026-09-30,12.5581
UHCRMF,2026-10-01,12.394
UHCRMF,2026-10-08,12.3325
UIFTRMF,2026-09-30,10.4822
UIFTRMF,2026-10-01,10.4356
UIFTRMF,2026-10-08,10.4566
UJSMRMF,2026-09-30,17.8537
UJSMRMF,2026-10-01,17.9539
UJSMRMF,2026-10-08,17.8408
UMIX-TESGX-D,2026-10-01,11.4367
UMIX-TESGX-D,2026-10-02,11.492
UMIX-TESGX-D,2026-10-09,11.5084
UMIX-TESGX-D68,2026-10-01,11.4365
UMIX-TESGX-D68,2026-10-02,11.4918
UMIX-TESGX-D68,2026-10-09,11.5083
UMIX-TESGX-D68L,2026-10-01,11.4365
UMIX-TESGX-D68L,2026-10-02,11.4918
UMIX-TESGX-D68L,2026-10-09,11.5082
UMIX-TESGX-N,2026-10-01,11.4366
UMIX-TESGX-N,2026-10-02,11.4919
UMIX-TESGX-N,2026-10-09,11.5084
UMIX-TESGX-N68,2026-10-01,11.4365
UMIX-TESGX-N68,2026-10-02,11.4918
UMIX-TESGX-N68,2026-10-09,11.5083
UMIX-TESGX-N68L,2026-10-01,11.4365
UMIX-TESGX-N68L,2026-10-02,11.4918
UMIX-TESGX-N68L,2026-10-09,11.5082
UNIRMF,2026-09-30,9.4813
UNIRMF,2026-10-01,9.5176
UNIRMF,2026-10-08,9.5651
UOBEQRMF,2026-10-01,86.0299
UOBEQRMF,2026-10-02,86.6021
UOBEQRMF,2026-10-09,87.3155
UOBGARMF,2026-09-30,14.378
UOBGARMF,2026-10-01,14.2831
UOBGARMF,2026-10-08,14.3426
UOBGBRMF,2026-10-01,16.2099
UOBGBRMF,2026-10-02,16.21
UOBGBRMF,2026-10-09,16.2419
UOBGRMF-H,2026-10-01,18.0508
UOBGRMF-H,2026-10-02,18.1676
UOBGRMF-H,2026-10-09,18.1469
UOBSVRMF,2026-10-01,13.4537
UOBSVRMF,2026-10-02,13.4538
UOBSVRMF,2026-10-09,13.4588
USUSRMF,2026-09-30,10.1726
USUSRMF,2026-10-01,10.0991
USUSRMF,2026-10-08,10.1409
UTSB-THAIESG,2026-10-01,10.0351
UTSB-THAIESG,2026-10-02,10.0322
UTSB-THAIESG,2026-10-09,10.0715
UTSEQ-THAIESG,2026-10-01,11.2286
UTSEQ-THAIESG,2026-10-02,11.3213
UTSEQ-THAIESG,2026-10-09,11.426
V-RMF-A,2026-10-01,92.36
V-RMF-A,2026-10-02,92.9445
V-RMF-A,2026-10-09,92.9664
V-RMF-P,2026-10-01,92.3601
V-RMF-P,2026-10-02,92.9446
V-RMF-P,2026-10-09,92.9665
X-EQRMF,2026-10-01,17.5038
X-EQRMF,2026-10-02,17.5964
X-EQRMF,2026-10-09,17.4251
